finding_type,feature,family,spearman_raw_clahe,abs_d_raw,abs_d_clahe,delta_abs_d
mass,original_firstorder_10Percentile,firstorder,0.8031647441347962,0.3105577734254708,0.274520801790956,-0.0360369716345148
mass,original_firstorder_90Percentile,firstorder,0.8468570771736016,0.5009384034423174,0.4917872956953094,-0.009151107747008058
mass,original_firstorder_Energy,firstorder,0.9702751097119745,0.47641446776808155,0.4640406532650197,-0.012373814503061853
mass,original_firstorder_Entropy,firstorder,0.6636810392099863,0.08725294358918956,0.06044155471451829,-0.026811388874671264
mass,original_firstorder_InterquartileRange,firstorder,0.8382170522221893,0.23149964153723593,0.15551007624470534,-0.07598956529253059
mass,original_firstorder_Kurtosis,firstorder,0.6267587374120359,0.05049734085412343,0.00016949764064488345,-0.05032784321347855
mass,original_firstorder_Maximum,firstorder,0.8677190123606627,0.5024546838962795,0.45986666596428294,-0.042588017931996514
mass,original_firstorder_MeanAbsoluteDeviation,firstorder,0.8521998930998931,0.21539605620129548,0.15754651827283878,-0.05784953792845671
mass,original_firstorder_Mean,firstorder,0.8340576148959226,0.43425473478130006,0.41440254390634834,-0.019852190874951714
mass,original_firstorder_Median,firstorder,0.8357426203078352,0.4440866904518434,0.4219024877626043,-0.022184202689239096
mass,original_firstorder_Minimum,firstorder,0.7546662925604227,0.1804555251551735,0.14773984390974612,-0.03271568124542737
mass,original_firstorder_Range,firstorder,0.8363017210439133,0.22402713257583418,0.14615741605597937,-0.0778697165198548
mass,original_firstorder_RobustMeanAbsoluteDeviation,firstorder,0.8445660003806356,0.19634222639434964,0.1459980081027603,-0.05034421829158933
mass,original_firstorder_RootMeanSquared,firstorder,0.835241037795791,0.44177316765421304,0.4271901100304586,-0.014583057623754447
mass,original_firstorder_Skewness,firstorder,0.6394450371881304,0.1553286271517711,0.12314281555605054,-0.03218581159572055
mass,original_firstorder_TotalEnergy,firstorder,0.9702751097119745,0.47641446776808155,0.4640406532650197,-0.012373814503061853
mass,original_firstorder_Uniformity,firstorder,0.634496779103539,0.06980757939161841,0.0390460705848318,-0.03076150880678661
mass,original_firstorder_Variance,firstorder,0.8544052453596558,0.12466989246761151,0.12571476389541775,0.0010448714278062377
mass,original_glcm_Autocorrelation,glcm,0.6210378921776368,0.22239808652616927,0.27604699903545804,0.05364891250928877
mass,original_glcm_ClusterProminence,glcm,0.7890827594353794,0.06227701502329794,0.11871096279957113,0.0564339477762732
mass,original_glcm_ClusterShade,glcm,0.7133754243997897,0.15592190972172174,0.14755267655778004,-0.008369233163941697
mass,original_glcm_ClusterTendency,glcm,0.7743582667358327,0.11836128117507799,0.12133667651360591,0.0029753953385279197
mass,original_glcm_Contrast,glcm,0.9374190414505652,0.2875241048523444,0.2787832064570723,-0.008740898395272145
mass,original_glcm_Correlation,glcm,0.9640857225132113,0.30695530422656064,0.27899985220680595,-0.02795545201975469
mass,original_glcm_DifferenceAverage,glcm,0.9318999583160393,0.2730809694304078,0.27417903388981185,0.0010980644594040245
mass,original_glcm_DifferenceEntropy,glcm,0.9392443398491502,0.2509722474444453,0.24145325497093764,-0.009518992473507654
mass,original_glcm_DifferenceVariance,glcm,0.939691324532912,0.252240145715933,0.2553958844769002,0.003155738760967197
mass,original_glcm_Id,glcm,0.9229898043523218,0.24251326323499162,0.2515357262971762,0.009022463062184571
mass,original_glcm_Idm,glcm,0.9257321912929347,0.24911173702842218,0.2570710962184094,0.00795935918998722
mass,original_glcm_Idmn,glcm,0.9373237921288091,0.2896554242689612,0.27911129751947394,-0.010544126749487237
mass,original_glcm_Idn,glcm,0.9313118266430687,0.27019512223985787,0.27254930847978254,0.0023541862399246716
mass,original_glcm_Imc1,glcm,0.9666049211047163,0.26822606733562626,0.2620739437628088,-0.0061521235728174695
mass,original_glcm_Imc2,glcm,0.9720181885480004,0.2895551852989303,0.2855058898294596,-0.004049295469470693
mass,original_glcm_InverseVariance,glcm,0.6113979825975616,0.07164200152103124,0.016146909354820573,-0.055495092166210666
mass,original_glcm_JointAverage,glcm,0.6060437054759835,0.2055833164606876,0.25888143422837934,0.05329811776769175
mass,original_glcm_JointEnergy,glcm,0.7030806462505838,0.08375900349757875,0.1525331750636759,0.06877417156609714
mass,original_glcm_JointEntropy,glcm,0.7782969386153605,0.15077673612885395,0.1973264117784865,0.046549675649632555
mass,original_glcm_MCC,glcm,0.9510710686123508,0.2966391477262965,0.2985066899479558,0.0018675422216593018
mass,original_glcm_MaximumProbability,glcm,0.5634911954612496,0.11783576089325246,0.15444015030183353,0.03660438940858107
mass,original_glcm_SumAverage,glcm,0.6060437054759835,0.20558331646068762,0.25888143422837795,0.053298117767690334
mass,original_glcm_SumEntropy,glcm,0.6391631520275798,0.07911237751917774,0.05387425540481442,-0.02523812211436332
mass,original_glcm_SumSquares,glcm,0.7693541421173393,0.11325067270470285,0.11541241113112571,0.0021617384264228656
mass,original_glrlm_GrayLevelNonUniformity,glrlm,0.985639470509686,0.3389646540555847,0.34751104517789383,0.00854639112230915
mass,original_glrlm_GrayLevelNonUniformityNormalized,glrlm,0.7395308053421877,0.1299763508588298,0.11119607542462288,-0.01878027543420692
mass,original_glrlm_GrayLevelVariance,glrlm,0.8016798006438457,0.15807185452865058,0.16663073373015377,0.008558879201503194
mass,original_glrlm_HighGrayLevelRunEmphasis,glrlm,0.666468417080988,0.17930820906713207,0.20859463641025394,0.029286427343121868
mass,original_glrlm_LongRunEmphasis,glrlm,0.9068092282006369,0.10993952151527257,0.13304158984728878,0.02310206833201621
mass,original_glrlm_LongRunHighGrayLevelEmphasis,glrlm,0.8124936621765371,0.1630367773869334,0.19962718933184267,0.03659041194490928
mass,original_glrlm_LongRunLowGrayLevelEmphasis,glrlm,0.8643637131594534,0.017257091950279715,0.029198443121269322,0.011941351170989607
mass,original_glrlm_LowGrayLevelRunEmphasis,glrlm,0.691961984791771,0.12136076096652972,0.15236674234401767,0.03100598137748796
mass,original_glrlm_RunEntropy,glrlm,0.9662954879094356,0.25168444818414715,0.23505182287179935,-0.0166326253123478
mass,original_glrlm_RunLengthNonUniformity,glrlm,0.9090701377602738,0.2957703668227192,0.33437431152926317,0.03860394470654399
mass,original_glrlm_RunLengthNonUniformityNormalized,glrlm,0.9231105943082557,0.23762654850010165,0.23937296272689934,0.0017464142267976934
mass,original_glrlm_RunPercentage,glrlm,0.9148174722959528,0.22327935907466015,0.23318889738683057,0.009909538312170424
mass,original_glrlm_RunVariance,glrlm,0.8932490697513226,0.11472462129720545,0.14444386875538925,0.0297192474581838
mass,original_glrlm_ShortRunEmphasis,glrlm,0.9247620664945458,0.19463411168056352,0.19981545413118634,0.005181342450622822
mass,original_glrlm_ShortRunHighGrayLevelEmphasis,glrlm,0.7926173043708691,0.023223384706297603,0.015286311996198124,-0.007937072710099479
mass,original_glrlm_ShortRunLowGrayLevelEmphasis,glrlm,0.6921472998343798,0.11881042907758561,0.14785654846854387,0.02904611939095826
calcification,original_firstorder_10Percentile,firstorder,0.8118484464165616,0.17649090509346424,0.0338047524236606,-0.14268615266980364
calcification,original_firstorder_90Percentile,firstorder,0.838219938234871,0.4777945351353457,0.3469336589131116,-0.13086087622223408
calcification,original_firstorder_Energy,firstorder,0.988470738303582,0.6189130424314382,0.637583055653566,0.0186700132221278
calcification,original_firstorder_Entropy,firstorder,0.6956333335181719,0.38173414258397315,0.30070668897144925,-0.08102745361252389
calcification,original_firstorder_InterquartileRange,firstorder,0.8818825846545413,0.35079798077056673,0.3290312835891151,-0.021766697181451633
calcification,original_firstorder_Kurtosis,firstorder,0.7350993999030272,0.38926112098595,0.32178309650246667,-0.06747802448348333
calcification,original_firstorder_Maximum,firstorder,0.8469037120863407,0.3609092404507124,0.32047530919344847,-0.04043393125726391
calcification,original_firstorder_MeanAbsoluteDeviation,firstorder,0.8777707175608062,0.31489180901343494,0.3195632320232823,0.004671423009847353
calcification,original_firstorder_Mean,firstorder,0.8275737716063444,0.40357081196739797,0.23735983136513394,-0.16621098060226402
calcification,original_firstorder_Median,firstorder,0.8295338815846814,0.4661846743352975,0.2735832173130468,-0.19260145702225068
calcification,original_firstorder_Minimum,firstorder,0.8137357439215511,0.07021250681004941,0.17322231981994676,0.10300981300989735
calcification,original_firstorder_Range,firstorder,0.8700681010970556,0.3087036909990875,0.3339884242003945,0.025284733201306975
calcification,original_firstorder_RobustMeanAbsoluteDeviation,firstorder,0.8827255950614771,0.3303273859996914,0.31434576700208783,-0.015981618997603586
calcification,original_firstorder_RootMeanSquared,firstorder,0.8275431311757996,0.42903554206794314,0.2670280229996568,-0.16200751906828637
calcification,original_firstorder_Skewness,firstorder,0.8073356779243566,0.7037806308195184,0.5100557649642297,-0.1937248658552887
calcification,original_firstorder_TotalEnergy,firstorder,0.988470738303582,0.6189130424314382,0.637583055653566,0.0186700132221278
calcification,original_firstorder_Uniformity,firstorder,0.6784962040411707,0.30087533729528626,0.18510114763332564,-0.11577418966196062
calcification,original_firstorder_Variance,firstorder,0.8693692121787544,0.29608906764442494,0.3347777593223307,0.038688691677905784
calcification,original_glcm_Autocorrelation,glcm,0.7759285546347902,0.6117580207490424,0.3979896525978377,-0.2137683681512047
calcification,original_glcm_ClusterProminence,glcm,0.8019755056306338,0.22617047602555104,0.13241699164641318,-0.09375348437913786
calcification,original_glcm_ClusterShade,glcm,0.8044201248588615,0.6161683410902064,0.4767708239753914,-0.13939751711481496
calcification,original_glcm_ClusterTendency,glcm,0.7988666207038558,0.020488850980671866,0.045233278338721344,0.02474442735804948
calcification,original_glcm_Contrast,glcm,0.9347673547370192,0.39077560969941894,0.5231732142828179,0.132397604583399
calcification,original_glcm_Correlation,glcm,0.9461359709455974,0.3818705006452965,0.4417514903795837,0.05988098973428724
calcification,original_glcm_DifferenceAverage,glcm,0.9258581697337448,0.5228569779119476,0.6206224280009295,0.09776545008898185
calcification,original_glcm_DifferenceEntropy,glcm,0.9319349026759984,0.6200952356865067,0.6793881721254139,0.05929293643890721
calcification,original_glcm_DifferenceVariance,glcm,0.9422718278217593,0.46347545293162784,0.5361518047106713,0.07267635177904341
calcification,original_glcm_Id,glcm,0.9159354863218041,0.6041657355266574,0.6693773653234958,0.06521162979683837
calcification,original_glcm_Idm,glcm,0.9177566093231362,0.5889417239888741,0.6677385814914865,0.07879685750261234
calcification,original_glcm_Idmn,glcm,0.9343550225499038,0.3929343948302861,0.5260701336934843,0.13313573886319824
calcification,original_glcm_Idn,glcm,0.9249188448739547,0.5317444741538037,0.6279476831328631,0.09620320897905943
calcification,original_glcm_Imc1,glcm,0.9616276719557566,0.7075769296458764,0.6955298736867371,-0.012047055959139241
calcification,original_glcm_Imc2,glcm,0.960240681799754,0.4333855019739333,0.44393825931490544,0.010552757340972163
calcification,original_glcm_InverseVariance,glcm,0.43913543064617705,0.6362999965242827,0.2218798304941699,-0.4144201660301128
calcification,original_glcm_JointAverage,glcm,0.7703599592152649,0.6541950275743883,0.4253658650766383,-0.22882916249774998
calcification,original_glcm_JointEnergy,glcm,0.6428229747988629,0.007355513701713765,0.012385020201138838,0.005029506499425073
calcification,original_glcm_JointEntropy,glcm,0.7013562320025528,0.21928399594414888,0.42980759751175956,0.21052360156761069
calcification,original_glcm_MCC,glcm,0.9439865358121643,0.28511395951523855,0.27828369785211354,-0.0068302616631250035
calcification,original_glcm_MaximumProbability,glcm,0.5505071487733451,0.015530679771239576,0.004488382182322891,-0.011042297588916686
calcification,original_glcm_SumAverage,glcm,0.7703599592152649,0.6541950275743882,0.4253658650766383,-0.22882916249774987
calcification,original_glcm_SumEntropy,glcm,0.6721392613576197,0.2867933910441929,0.2842844767871607,-0.002508914257032202
calcification,original_glcm_SumSquares,glcm,0.7947374143112228,0.01454685283298428,0.032507803156665495,0.017960950323681217
calcification,original_glrlm_GrayLevelNonUniformity,glrlm,0.9919673229144882,0.5752235614156523,0.5796676347532072,0.00444407333755481
calcification,original_glrlm_GrayLevelNonUniformityNormalized,glrlm,0.7392930307642508,0.4000377905323666,0.3024289212091105,-0.09760886932325608
calcification,original_glrlm_GrayLevelVariance,glrlm,0.7885558641420197,0.013635726408253758,0.05065164989919352,0.03701592349093976
calcification,original_glrlm_HighGrayLevelRunEmphasis,glrlm,0.7992984315663725,0.6139032144983826,0.45102443083275084,-0.16287878366563174
calcification,original_glrlm_LongRunEmphasis,glrlm,0.8986219056361936,0.2822477306946212,0.08151924867115566,-0.20072848202346555
calcification,original_glrlm_LongRunHighGrayLevelEmphasis,glrlm,0.8729523434217777,0.328958296789502,0.3203661882016936,-0.0085921085878084
calcification,original_glrlm_LongRunLowGrayLevelEmphasis,glrlm,0.760886798685787,0.007278952906237807,0.023707320721487225,0.016428367815249416
calcification,original_glrlm_LowGrayLevelRunEmphasis,glrlm,0.7696628902322489,0.43055085073049154,0.24936681059721227,-0.18118404013327927
calcification,original_glrlm_RunEntropy,glrlm,0.9536870460630161,0.7549405441557867,0.7140827125604566,-0.040857831595330074
calcification,original_glrlm_RunLengthNonUniformity,glrlm,0.9711140564209186,0.546427178934376,0.5180208016055321,-0.02840637732884388
calcification,original_glrlm_RunLengthNonUniformityNormalized,glrlm,0.9091145789969526,0.6354705920224247,0.7385240382247977,0.103053446202373
calcification,original_glrlm_RunPercentage,glrlm,0.9052268490742754,0.6425798044076233,0.6765715380203858,0.03399173361276253
calcification,original_glrlm_RunVariance,glrlm,0.889566198646133,0.2016624373715212,0.038445303799469616,-0.1632171335720516
calcification,original_glrlm_ShortRunEmphasis,glrlm,0.9101665963400858,0.6767498966120538,0.7110631809646432,0.0343132843525894
calcification,original_glrlm_ShortRunHighGrayLevelEmphasis,glrlm,0.7669149680882027,0.18681316962300354,0.11079484595272396,-0.07601832367027958
calcification,original_glrlm_ShortRunLowGrayLevelEmphasis,glrlm,0.8351203294117453,0.6865156291470867,0.4929228378469853,-0.19359279130010143
