finding_type,check,max_abs_difference,threshold,passed,symmetry_max_abs,diagonal_max_abs_error,min_entry,max_entry,min_eigenvalue
mass,matrix_K_C,8.881784197001252e-16,1e-10,True,0.0,8.881784197001252e-16,0.04408235335574783,1.0,5.935011243230682e-06
mass,matrix_K_Q_C4,0.0,1e-10,True,0.0,0.0,5.501292789182237e-07,1.0,0.17444209850669376
mass,matrix_K_Q_C4_c1.0,0.0,1e-10,True,0.0,0.0,5.501292789182237e-07,1.0,0.17444209850669376
mass,matrix_K_Q_C4_c0.5,0.0,1e-10,True,0.0,0.0,9.232634400989112e-07,1.0,0.13398714131122103
mass,matrix_K_Q_C4_c0.2,0.0,1e-10,True,0.0,0.0,0.00011845252079741153,1.0,0.04493097468347007
mass,matrix_K_Q_C4_c0.1,0.0,1e-10,True,0.0,0.0,6.655258626520756e-05,1.0,0.011819099732696932
mass,matrix_K_Q_C4_c0.05,0.0,1e-10,True,0.0,0.0,0.010840509581792189,1.0,0.0018131052813432644
mass,matrix_K_Q_C4_c0.02,0.0,1e-10,True,0.0,0.0,0.21582809923739738,1.0,4.216401947645657e-05
mass,matrix_K_Q_C5,0.0,1e-10,True,0.0,0.0,4.504593823898522e-19,1.0,0.14634406288719345
mass,matrix_K_Q_C5_c1.0,0.0,1e-10,True,0.0,0.0,4.504593823898522e-19,1.0,0.14634406288719345
mass,matrix_K_Q_C5_c0.5,0.0,1e-10,True,0.0,0.0,6.968774876970506e-07,1.0,0.13330686318606938
mass,matrix_K_Q_C5_c0.2,0.0,1e-10,True,0.0,0.0,1.7385307797197484e-07,1.0,0.05023110524189012
mass,matrix_K_Q_C5_c0.1,0.0,1e-10,True,0.0,0.0,1.4073180051832571e-05,1.0,0.03376014094384771
mass,matrix_K_Q_C5_c0.05,0.0,1e-10,True,0.0,0.0,0.0007887617183064189,1.0,0.0036877129635287135
mass,matrix_K_Q_C5_c0.02,0.0,1e-10,True,0.0,0.0,0.197032862110994,1.0,5.098523251792852e-05
mass,independent_statevector_C4,1.734723475976807e-18,1e-12,True,,,,,
mass,quantum_vs_statevector_10x10_C4,6.420542916774075e-11,1e-10,True,,,,,
mass,independent_statevector_C5,1.6940658945086007e-21,1e-12,True,,,,,
mass,quantum_vs_statevector_10x10_C5,5.6535442993776996e-11,1e-10,True,,,,,
calcification,matrix_K_C,8.881784197001252e-16,1e-10,True,0.0,8.881784197001252e-16,0.0632983255657727,1.0,6.1105579859595095e-06
calcification,matrix_K_Q_C4,0.0,1e-10,True,0.0,0.0,1.1840010672840855e-06,1.0,0.7564379436287734
calcification,matrix_K_Q_C4_c1.0,0.0,1e-10,True,0.0,0.0,1.1840010672840855e-06,1.0,0.7564379436287734
calcification,matrix_K_Q_C4_c0.5,0.0,1e-10,True,0.0,0.0,2.9657996445400488e-06,1.0,0.5592180347508748
calcification,matrix_K_Q_C4_c0.2,0.0,1e-10,True,0.0,0.0,1.7642935567037582e-07,1.0,0.20176609593716383
calcification,matrix_K_Q_C4_c0.1,0.0,1e-10,True,0.0,0.0,3.188476175273928e-08,1.0,0.03631155422134017
calcification,matrix_K_Q_C4_c0.05,0.0,1e-10,True,0.0,0.0,0.038341310714979884,1.0,0.0034840819509610117
calcification,matrix_K_Q_C4_c0.02,0.0,1e-10,True,0.0,0.0,0.18351180026144562,1.0,3.2109417830383886e-05
calcification,matrix_K_Q_C5,0.0,1e-10,True,0.0,0.0,4.143214283611691e-18,1.0,0.4739858330980175
calcification,matrix_K_Q_C5_c1.0,0.0,1e-10,True,0.0,0.0,4.143214283611691e-18,1.0,0.4739858330980175
calcification,matrix_K_Q_C5_c0.5,0.0,1e-10,True,0.0,0.0,1.746284578695628e-07,1.0,0.15441214726890556
calcification,matrix_K_Q_C5_c0.2,0.0,1e-10,True,0.0,0.0,2.8356189748108373e-08,1.0,0.3247309890278935
calcification,matrix_K_Q_C5_c0.1,0.0,1e-10,True,0.0,0.0,1.5847300527187333e-08,1.0,0.054652681595794256
calcification,matrix_K_Q_C5_c0.05,0.0,1e-10,True,0.0,0.0,0.02211938219695123,1.0,0.004095565789213799
calcification,matrix_K_Q_C5_c0.02,0.0,1e-10,True,0.0,0.0,0.1735873005449,1.0,3.338627174748741e-05
calcification,independent_statevector_C4,1.734723475976807e-18,1e-12,True,,,,,
calcification,quantum_vs_statevector_10x10_C4,6.484911913018365e-11,1e-10,True,,,,,
calcification,independent_statevector_C5,4.0657581468206416e-20,1e-12,True,,,,,
calcification,quantum_vs_statevector_10x10_C5,6.594064183573778e-11,1e-10,True,,,,,
