finding_type,kernel,c,kta_centered,null_mean_centered,excess_centered,z_centered,null_p025_centered,null_p975_centered,p_centered,kta_uncentered,null_mean_uncentered,excess_uncentered,p_uncentered
mass,K_C,,0.05946597323526512,0.01035955692778079,0.04910641630748433,7.148148795360486,0.002701843323760681,0.028544122436326244,0.000999000999000999,0.020350617333657676,0.004155889116830846,0.01619472821682683,0.000999000999000999
mass,C4,1.0,0.07345134104971457,0.07045208285783579,0.0029992581918787814,3.731744915788474,0.06905068606123119,0.07195622385731369,0.001998001998001998,0.07273276362563866,0.06996565873787693,0.0027671048877617316,0.002997002997002997
mass,C4,0.5,0.07551774313511128,0.0697878669987358,0.005729876136375475,4.436736463081701,0.06750544812905712,0.07253353964801897,0.001998001998001998,0.0739823474830097,0.06853228489474375,0.005450062588265955,0.001998001998001998
mass,C4,0.2,0.08210771857928248,0.06408858767359618,0.018019130905686298,5.786882016890477,0.05881737225324487,0.07114448133951749,0.000999000999000999,0.07045437890745551,0.055175444141470506,0.015278934765985006,0.000999000999000999
mass,C4,0.1,0.06810113878221101,0.046361223562270286,0.021739915219940724,3.871828205018082,0.03748861950826352,0.05977342826985154,0.003996003996003996,0.046675556899162675,0.03218413117301027,0.014491425726152404,0.004995004995004995
mass,C4,0.05,0.06713231574805488,0.026527234962383968,0.04060508078567091,5.995179210735722,0.016652574309262782,0.04227599508589888,0.001998001998001998,0.03411558796862251,0.013963486135089158,0.020152101833533352,0.001998001998001998
mass,C4,0.02,0.05611383259362098,0.013218999493338447,0.04289483310028253,6.215440784073799,0.004728828705720135,0.031363136677497704,0.000999000999000999,0.016193699900740342,0.004405007637902699,0.011788692262837644,0.000999000999000999
mass,C5,1.0,0.07458201626790466,0.06953062902869413,0.005051387239210531,3.6702078142495886,0.06706625315887053,0.0725049276038177,0.002997002997002997,0.07372698736588311,0.06907817532597803,0.004648812039905081,0.002997002997002997
mass,C5,0.5,0.058198053165793115,0.060365846323835015,-0.0021677931580419,-0.5383431596638625,0.05507492537392445,0.07090134773504098,0.6743256743256744,0.04713240482770514,0.04961737849659281,-0.002484973668887669,0.7632367632367633
mass,C5,0.2,0.08272973353141594,0.06575560485556718,0.016974128675848757,6.4263633626224,0.06145232218973517,0.07169959428733551,0.000999000999000999,0.07754970960650509,0.06303153558355021,0.014518174022954883,0.000999000999000999
mass,C5,0.1,0.07017802120457937,0.05699030080457361,0.013187720400005765,3.013283519658661,0.04995699931457739,0.06742263813544337,0.007992007992007992,0.06192147420808356,0.048400422382067744,0.013521051826015817,0.002997002997002997
mass,C5,0.05,0.06552567630058381,0.029762852967598463,0.03576282333298535,5.383506786658091,0.019811238196135884,0.04541095168568522,0.001998001998001998,0.03791169818174386,0.01712335205196335,0.020788346129780505,0.001998001998001998
mass,C5,0.02,0.056189726227219336,0.01338587019567029,0.04280385603154904,6.198843215912449,0.004801923015908705,0.0313497284523656,0.000999000999000999,0.01693567117583482,0.004587038388302471,0.012348632787532347,0.000999000999000999
calcification,K_C,,0.16138020267800263,0.009929623571899554,0.15145057910610307,22.108781724057277,0.0024022903992572827,0.0271225734302686,0.000999000999000999,0.13521053134653674,0.08711061322581062,0.048099918120726115,0.000999000999000999
calcification,C4,1.0,0.07683474143594014,0.0706353621870745,0.006199379248865641,10.215836891944273,0.06964232936423918,0.0719742822355111,0.000999000999000999,0.0789709633930376,0.07572556098747243,0.0032454024055651592,0.002997002997002997
calcification,C4,0.5,0.08066617823310497,0.06998071241737758,0.010685465815727394,9.388746144045664,0.06808091735307997,0.07254292228147334,0.000999000999000999,0.08670763606882792,0.08058736668008679,0.006120269388741134,0.001998001998001998
calcification,C4,0.2,0.10361571139450215,0.061949184145420944,0.04166652724908121,11.922272460186443,0.056547454839124836,0.07023849582009688,0.000999000999000999,0.12476291435546566,0.0908610074612078,0.03390190689425786,0.000999000999000999
calcification,C4,0.1,0.11849947485736126,0.04162431044368677,0.07687516441367448,13.437144422355258,0.03331006353141904,0.05590136219200806,0.000999000999000999,0.13876781112519826,0.0864728991716951,0.052294911953503165,0.000999000999000999
calcification,C4,0.05,0.11989598396027083,0.0226732402962606,0.09722274366401024,14.757446464666968,0.013851237659552857,0.039711664077333966,0.000999000999000999,0.13955256523213808,0.08419663308815353,0.05535593214398454,0.000999000999000999
calcification,C4,0.02,0.1542641166665189,0.011646419342756682,0.14261769732376223,20.980529838141813,0.0037341103437119414,0.028864747836365442,0.000999000999000999,0.1300585140899998,0.0885882227773776,0.0414702913126222,0.000999000999000999
calcification,C5,1.0,0.0754619796299138,0.06888323493359982,0.006578744696313976,3.88577848093513,0.06611665562413672,0.07258991836794432,0.002997002997002997,0.0847120509741712,0.07330867344009412,0.01140337753407708,0.000999000999000999
calcification,C5,0.5,0.05654447603103877,0.058941537961376314,-0.002397061930337542,-0.6190455816815614,0.05326863069617128,0.0672738054280491,0.7172827172827173,0.0767383744796036,0.0803600005568689,-0.003621626077265294,0.5684315684315684
calcification,C5,0.2,0.08251619423412024,0.06929081015941932,0.013225384074700919,8.675076364113416,0.06651691950167266,0.0724199406853661,0.000999000999000999,0.08713765283954994,0.07829842848268591,0.008839224356864031,0.000999000999000999
calcification,C5,0.1,0.10770813270269271,0.05554735384181727,0.05216077886087544,11.92177125109963,0.04864217114334163,0.06632925490572539,0.000999000999000999,0.12938793003465138,0.08342297090937849,0.04596495912527289,0.000999000999000999
calcification,C5,0.05,0.1183341632607008,0.02508460296779825,0.09324956029290254,14.32785899056884,0.016104868569293232,0.04171286063716028,0.000999000999000999,0.14362197196872242,0.0828246280823895,0.06079734388633293,0.000999000999000999
calcification,C5,0.02,0.1540613636204335,0.011743903989500608,0.14231745963093287,20.94821616191206,0.003848780572734084,0.028814057948958603,0.000999000999000999,0.1314415004930811,0.08843845787648617,0.04300304261659492,0.000999000999000999
