finding_type,map,c,g_min,kernel_at_min,lambda_at_min,at_grid_edge,admissible_kernels,g_min_extended,kernel_at_min_extended,d027_admissible,d027_g_unregularized
mass,C4,1.0,1.4327976874835349,gaussian 64,0.01,True,7 of 10,1.3133683053671632,gaussian 256,False,305.8704638924253
mass,C4,0.5,1.6404947865435922,gaussian 64,0.01,True,7 of 10,1.6404947865435922,gaussian 64,False,292.62362978127453
mass,C4,0.2,2.2185251849316936,gaussian 16,0.001,False,7 of 10,2.2185251849316936,gaussian 16,False,236.8731248619434
mass,C4,0.1,2.3616130889782108,gaussian 8,0.001,False,7 of 10,2.3616130889782108,gaussian 8,False,174.9676761541085
mass,C4,0.05,2.528600330952801,gaussian 4,0.001,False,7 of 10,2.528600330952801,gaussian 4,False,111.83642549497976
mass,C4,0.02,2.295510764927614,gaussian 1,0.001,False,8 of 10,2.295510764927614,gaussian 1,True,28.82841648754126
mass,C5,1.0,1.5113177893896141,gaussian 64,0.01,True,7 of 10,1.4813552555286575,gaussian 128,False,309.2446713355609
mass,C5,0.5,2.9646584248300556,gaussian 16,0.001,False,7 of 10,2.9646584248300556,gaussian 16,False,300.8877043153014
mass,C5,0.2,2.0427573722678445,gaussian 32,0.01,False,7 of 10,2.0427573722678445,gaussian 32,False,268.5408865072518
mass,C5,0.1,2.292082811551836,gaussian 16,0.001,False,7 of 10,2.292082811551836,gaussian 16,False,213.88380992955135
mass,C5,0.05,2.323962532268933,gaussian 4,0.001,False,7 of 10,2.323962532268933,gaussian 4,False,126.41151073626706
mass,C5,0.02,2.511596342443282,gaussian 1,0.001,False,8 of 10,2.511596342443282,gaussian 1,True,31.37627080060289
mass,identity,,3.0480427819663456,gaussian 64,0.001,True,6 of 10,1.2483704025059026,gaussian 512,False,410.4773775138579
calcification,C4,1.0,1.399920659080461,gaussian 64,0.01,True,6 of 10,1.3768831620300264,gaussian 128,False,375.9696311064886
calcification,C4,0.5,1.6895061235074034,gaussian 64,0.01,True,7 of 10,1.6895061235074034,gaussian 64,False,352.03094260652676
calcification,C4,0.2,2.1133262670140303,gaussian 16,0.001,False,7 of 10,2.1133262670140303,gaussian 16,False,298.76935150690247
calcification,C4,0.1,2.252668620356692,gaussian 8,0.001,False,7 of 10,2.252668620356692,gaussian 8,False,212.2726101227486
calcification,C4,0.05,2.3976049748143495,gaussian 4,0.001,False,8 of 10,2.3976049748143495,gaussian 4,False,96.71904559071436
calcification,C4,0.02,2.097430009984315,gaussian 1,0.001,False,9 of 10,2.097430009984315,gaussian 1,True,10.85170378897269
calcification,C5,1.0,1.7006385330282023,gaussian 64,0.01,True,6 of 10,1.7006385330282023,gaussian 64,False,388.46051330764266
calcification,C5,0.5,3.1178383996952688,gaussian 16,0.001,False,6 of 10,3.1178383996952688,gaussian 16,False,407.4002887123193
calcification,C5,0.2,1.509344927779352,gaussian 32,0.01,False,7 of 10,1.509344927779352,gaussian 32,False,347.5794838739618
calcification,C5,0.1,2.071058021916249,gaussian 16,0.01,False,7 of 10,2.071058021916249,gaussian 16,False,268.7949283478583
calcification,C5,0.05,2.143414953504243,gaussian 4,0.001,False,7 of 10,2.143414953504243,gaussian 4,False,114.10380065892431
calcification,C5,0.02,2.0662651811927284,gaussian 1,0.001,False,9 of 10,2.0662651811927284,gaussian 1,True,11.617177934517274
calcification,identity,,1.6017636958844839,gaussian 64,0.01,True,6 of 10,0.9857788765917072,gaussian 512,False,404.53822554666584
