finding_type,analysis,k,config,seed,condition,auc_mean,auc_std,f1_mean,f1_std,accuracy_mean,accuracy_std,precision_mean,precision_std,recall_mean,recall_std,epochs_mean,epochs_std
calcification,config fixed,12,fixed,42,C1,0.7535724741985949,0.025492912148931995,0.6264534871666332,0.03958722099468963,0.6949897053273302,0.04182551623271856,0.554436790001891,0.06119507117526571,0.723736795303092,0.009739750761912183,200.0,0.0
calcification,config fixed,12,fixed,42,C2,0.752720658040972,0.0452415553792093,0.5960129755551986,0.05468249601255073,0.6823411989264007,0.042095196851155973,0.5404493670883409,0.05874469636317949,0.6666547833322619,0.060408268493549834,200.0,0.0
calcification,config fixed,12,fixed,42,C3,0.7360714940939789,0.02050984288840098,0.5949467178213432,0.01692726823649118,0.6838472797167036,0.0241035629829692,0.5445560761261785,0.0378715593955425,0.6600402479876006,0.044697090955850914,200.0,0.0
calcification,config fixed,12,fixed,42,C4,0.59637224719731,0.036245999287533706,0.45209421750298534,0.03970708262080827,0.5832577675950171,0.028120530148239734,0.42043897481547415,0.03682850436040898,0.4890470922882427,0.044204718948943816,200.0,0.0
calcification,config fixed,12,fixed,42,C5,0.6312968783403046,0.044810238781344824,0.4884979676158217,0.06665601910998309,0.6042491247364153,0.04939732371155175,0.44820424960461186,0.06620616361919311,0.5371073857021434,0.06690572594450336,200.0,0.0
calcification,config large,12,large,42,C1,0.7514314875363175,0.036237655496741156,0.6102859349810936,0.043340086509753996,0.678037018587186,0.040950087097951,0.5350611429531659,0.05652332629307418,0.716424785903562,0.0634638131270951,35.2,31.578473680657844
calcification,config large,12,large,42,C2,0.7559666175082893,0.05124653346204912,0.6132562895768479,0.046358647216201566,0.685032022584867,0.03399796352842194,0.540481682793433,0.04659566716355025,0.7113773775596934,0.0647577588356099,16.2,9.934787365615833
calcification,config large,12,large,42,C3,0.7446338523259854,0.031037339630148337,0.591132745463156,0.030619620358160668,0.654318722794073,0.021767174455228255,0.5075274693695746,0.03309841015585892,0.7128503217696258,0.06833455448363764,21.6,13.126309458488324
calcification,config large,12,large,42,C4,0.6325935816247845,0.03303327510288483,0.47988282682460354,0.04865934337489675,0.5909237314714054,0.05448791306817395,0.4424089777106214,0.04195444578378577,0.5481429232109823,0.15418936843917505,19.8,10.56882207249228
calcification,config large,12,large,42,C5,0.6673120906044195,0.03216691636943825,0.5259461996021653,0.035686647237349406,0.5984505761173712,0.02637176596750078,0.4503440929002143,0.019470108414200573,0.6368606033984016,0.08047612568871564,31.2,14.166862743741115
calcification,config raw,12,raw,42,C1,0.7529437918081648,0.03305141103012312,0.6041619202190527,0.030034028597780753,0.6666192450885048,0.023927665141525317,0.520229051601207,0.03352904504486504,0.7250520509688801,0.06223515995931771,36.8,39.0858030491891
calcification,config raw,12,raw,42,C2,0.7493277670061687,0.03258043511282879,0.5984454467994735,0.031911570831330484,0.6700864673528731,0.025104566377178363,0.5253252147685255,0.03727845944335638,0.7012714364281786,0.07172733294621772,23.0,17.7341478509682
calcification,config raw,12,raw,42,C3,0.7424232382882605,0.029318380568129816,0.5871095389593226,0.03988858930484178,0.6553089182274503,0.01904736765882461,0.5067314596719962,0.028420522072486302,0.7000903704814759,0.0692014341637891,32.8,12.794530081249563
calcification,config raw,12,raw,42,C4,0.6292490530128683,0.040656537261633124,0.47654238788816966,0.04091769183559052,0.6290096194192942,0.04509183114308682,0.4826280925193968,0.0718229492786748,0.4804252287385631,0.06289940979771637,118.4,81.47883160674311
calcification,config raw,12,raw,42,C5,0.6573544352521274,0.0320205191754105,0.5356455059820561,0.042419865009814345,0.6110938199943028,0.03805617605853741,0.4634076973255056,0.0433684962564465,0.6385649288964123,0.06412934867336757,99.0,43.829214001622255
calcification,config small,12,small,42,C1,0.7429933012960159,0.04007877652800564,0.5887700681760601,0.05070357420213826,0.6553463917547661,0.041954706628434944,0.5091144656458291,0.05479888177797325,0.7019255376516889,0.0693956790450612,35.4,17.271363582531635
calcification,config small,12,small,42,C2,0.7470167233073967,0.030107206470341683,0.6040747783970541,0.040664574411617006,0.6759798958765524,0.02852794852411927,0.5311508742069402,0.04291689850223715,0.7055067157356418,0.07601476769876295,43.4,12.177848742696717
calcification,config small,12,small,42,C3,0.7425385910651621,0.03578649142413486,0.5944622141656423,0.026214718967575178,0.6548444399553471,0.020881432926210787,0.5069375465783098,0.02866720229073622,0.7192573674887683,0.027262050789875286,31.2,8.28854631404084
calcification,config small,12,small,42,C4,0.6354789319450398,0.034371591518201294,0.48999648491038333,0.046074727788680866,0.5789894977453289,0.06800328323637093,0.43715216115772737,0.04445733810281613,0.588194411707986,0.18178304513111196,40.4,20.875823337056673
calcification,config small,12,small,42,C5,0.6669520208122378,0.032446933129758056,0.5443679056174019,0.03162698089262484,0.6027262037936236,0.036298401540349905,0.45773279124878297,0.038388874116523274,0.6733301995614505,0.026071647843586905,49.4,11.193748255164577
calcification,k8,8,base,42,C1,0.7359749243736358,0.0312906901077907,0.5866119409551226,0.02193156517649158,0.6560654152527555,0.022141526408884088,0.5106300952120593,0.034064118964037784,0.6954219610448049,0.06496058117057639,31.4,27.07951255100431
calcification,k8,8,base,42,C2,0.7668320349178753,0.04831340511480217,0.6129645958614331,0.0688353715504214,0.6895091109562131,0.049894633404779086,0.5457248379875785,0.06336212441090182,0.7011749055404373,0.08478152912669383,47.8,26.461292485439934
calcification,k8,8,base,42,C3,0.7431424755226193,0.0372561692636167,0.5817139794272862,0.045543126995451565,0.6550462293486767,0.03394263462709074,0.5076563396657354,0.04457654870331471,0.6828536787446342,0.05749696999967135,33.8,17.455658108475888
calcification,k8,8,base,42,C4,0.5965695599481738,0.03277544039659906,0.42826527022333644,0.03974168656318248,0.6021946860222384,0.018076562899745484,0.43298570208756865,0.04153247050333786,0.4242952584513631,0.04199533914186627,27.4,18.994736112934024
calcification,k8,8,base,42,C5,0.6570033502999609,0.03471362688175664,0.5319497496340839,0.037226818005513015,0.6091088012373357,0.05026524660598961,0.4650151287681791,0.055579653536634605,0.6304855025105887,0.0676643739373341,34.4,23.03909720453473
calcification,main,12,base,42,C1,0.7420353827508531,0.03814139547097211,0.5719595144531775,0.03256421241653665,0.6616428615917638,0.027650384418648755,0.5173959552193272,0.04347526406679011,0.6431102730577757,0.04947049880372795,15.2,10.709808588392232
calcification,main,12,base,42,C2,0.7579838419256832,0.04629966979094023,0.6092972392703665,0.057359911200924506,0.682663797897754,0.038700504599151614,0.5367683755593226,0.04979417043065456,0.7068290156920726,0.08170185009626192,25.4,19.23018460649819
calcification,main,12,base,42,C3,0.7390965405282205,0.03573591542493099,0.5904162902089676,0.03117536207731258,0.6513154029941569,0.018524672864590332,0.5029882895302242,0.026229106556352657,0.7161019449027549,0.051600155887456374,26.0,10.44030650891055
calcification,main,12,base,42,C4,0.6398588909982215,0.04115820222969511,0.4851813823263667,0.04971226479076917,0.6269045024047318,0.036004999668662926,0.47430686098679953,0.059559196778876264,0.5008658049240395,0.061789573395965344,26.0,15.763882770434446
calcification,main,12,base,42,C5,0.6666476326913668,0.03474141093706355,0.553864503396815,0.01761820294007431,0.5990458138206153,0.02004539992921462,0.4552894296030134,0.01798262590486117,0.7072991350432478,0.02004565602241263,35.0,9.974968671630002
calcification,reps2,12,base,42,C4,0.6301674602073137,0.030751247651969436,0.4626027577697277,0.059945531002055984,0.5865152217390135,0.03040065804944653,0.4255975907295727,0.041748298284526086,0.5115629486382824,0.09611511796192934,25.4,6.618156843109719
calcification,reps2,12,base,42,C5,0.6975343737497477,0.03370244340840303,0.5809630681648654,0.028219254166653104,0.6484286021951444,0.025952486822372462,0.5018814739261602,0.034076065509067624,0.694036780303842,0.05906592029559873,30.4,43.96930747692076
calcification,seeds,12,base,43,C1,0.747476224416196,0.025997207848923558,0.5986465708529813,0.03628582399688718,0.6658290270268907,0.03680743204085643,0.5208185070060695,0.04998744852052968,0.7067442610012357,0.023785080925101107,68.0,76.2954782408499
calcification,seeds,12,base,43,C2,0.7509649634563563,0.042315598848658764,0.6170814187078004,0.03548698353947205,0.6834955476969679,0.02882955016389914,0.5386651476120876,0.042848832658808914,0.7257915586363539,0.05300184707515148,47.8,54.311140661930494
calcification,seeds,12,base,43,C3,0.7417798038991956,0.02660144794703101,0.5656005747883592,0.03348417634926583,0.6517903373052887,0.028348553022754703,0.5056259983041155,0.041172354087686984,0.6447012738648782,0.0453468519877359,24.4,12.521980673998822
calcification,seeds,12,base,43,C4,0.6399147057473504,0.033381087341697445,0.4797007031448051,0.04477192083561708,0.6194290951938368,0.03429538939850473,0.46434503035302577,0.05680381669033028,0.49842295385230734,0.04291979399879123,21.2,14.342245291445828
calcification,seeds,12,base,43,C5,0.65851453617025,0.047847686769713973,0.5296571849812022,0.05166153727818038,0.6079798268964215,0.03645424835175048,0.4583873618116046,0.04573851334672948,0.6293266229545665,0.07069926291363732,30.4,18.474306482247176
calcification,seeds,12,base,44,C1,0.7459078779077096,0.025249634769499364,0.593718526767485,0.02142801548251015,0.6582786209100195,0.027187642740256757,0.5126298105853342,0.03674461357103972,0.7095035516081338,0.04368331689019853,78.4,91.39638942540344
calcification,seeds,12,base,44,C2,0.7588231702999,0.03955409972397334,0.6117551553327154,0.01609187590280443,0.6856953768968002,0.026067287835616824,0.5434448163914954,0.03520384461271948,0.7029602894855257,0.03418103506359106,39.4,16.47118696390761
calcification,seeds,12,base,44,C3,0.7516348694608231,0.04130139222892079,0.5893331716209744,0.04361957407907358,0.6647410429131478,0.044646804405407935,0.521500185138825,0.05758891441388827,0.6822584406493961,0.05459849458147161,44.6,11.371015785759864
calcification,seeds,12,base,44,C4,0.6304593916889548,0.040909372674454894,0.4548874577588167,0.03945371435459841,0.6224219025256106,0.0347264646748893,0.46511197960917594,0.05675275214539264,0.4469637589549095,0.031573437107504675,23.2,9.731392500562292
calcification,seeds,12,base,44,C5,0.6648111104463135,0.03985954029749124,0.5133427056282281,0.034021551882066736,0.6232651403804328,0.045261250132930586,0.477047619468493,0.05572178166178676,0.5654101491354003,0.07105159717043298,22.2,11.945710527214361
calcification,seeds,12,base,45,C1,0.7504389388003578,0.025864090958186002,0.6099771130130053,0.050861070153536594,0.6704660643068739,0.05090104046247033,0.5266427710158951,0.06675318037908318,0.7292503231981258,0.039393941449276514,110.4,62.83947803729754
calcification,seeds,12,base,45,C2,0.7790175472498724,0.03198890692239509,0.6228970732960122,0.05593817978975074,0.7002279799274631,0.039240422529828296,0.558596012645323,0.05333586906615993,0.7060898383652245,0.07164070624693242,96.0,30.651264247988205
calcification,seeds,12,base,45,C3,0.7556431310761427,0.03178567635455848,0.6061698678766605,0.03642890706020135,0.6622747456338749,0.042505514337412044,0.5168143094228287,0.05034733035116085,0.735879982786575,0.01688330880586726,55.0,23.097618924902193
calcification,seeds,12,base,45,C4,0.6179568466616499,0.032114075071282173,0.4523136688778256,0.028840781180811542,0.5986762160839422,0.05192188647988336,0.44466875043582765,0.04767997863786393,0.47518383009420956,0.09722207736984514,33.6,26.06338427756457
calcification,seeds,12,base,45,C5,0.6524627283334362,0.035693817820586456,0.5135366952301141,0.03781428589396718,0.5989560293333852,0.02170318066855986,0.44801956251888725,0.03432665996887132,0.6035386534244717,0.05967115808089664,46.8,23.12358103754693
calcification,seeds,12,base,46,C1,0.7519773769539994,0.028931471470532127,0.5958786554715243,0.052649126209481735,0.6652464716002499,0.029114493336739936,0.5172978536690259,0.041947095525693825,0.7068905751141015,0.09296212673137676,40.8,38.06835956539236
calcification,seeds,12,base,46,C2,0.7588335397927807,0.0377163470878759,0.6191432333411886,0.04148917882255789,0.6908513122284015,0.023724498789664896,0.546769485960125,0.03827550784939262,0.7183911161584777,0.08073746687441276,32.4,18.256505689753446
calcification,seeds,12,base,46,C3,0.7426281345090517,0.043215351808540976,0.587298280454174,0.031411353161566236,0.6509402146660449,0.03716353244935907,0.5059076325475634,0.04754990756026175,0.7046632936210332,0.04211187885463215,35.2,27.417147918775214
calcification,seeds,12,base,46,C4,0.625501002509224,0.01972389218731678,0.46484094082277866,0.03247870368514163,0.6112727727361672,0.02082908342803318,0.4527500661075511,0.039796611618452174,0.4815353696600885,0.05515052145662275,25.6,14.38054240979804
calcification,seeds,12,base,46,C5,0.6704822088106527,0.039901938591586215,0.5509045531538634,0.038370094721843453,0.6186964674493487,0.03932037255009519,0.47195046000293106,0.04249988422012593,0.6641228385009321,0.04504851333018424,18.4,4.774934554525329
mass,config fixed,12,fixed,42,C1,0.6802393676007166,0.03314707530706168,0.6131303021692492,0.02987632098083001,0.6279731787260816,0.03462878994037967,0.6195330005240107,0.04470296448285787,0.6102190688784414,0.049489990594800734,200.0,0.0
mass,config fixed,12,fixed,42,C2,0.6657764534018982,0.02950586774037167,0.6141603034078816,0.023688923311197322,0.626652496950683,0.03035589245546935,0.615731967550853,0.039970922016049744,0.6141596187565999,0.028154307857996306,200.0,0.0
mass,config fixed,12,fixed,42,C3,0.659173647968319,0.03614238449851077,0.5945272801257091,0.03036481157449613,0.6153707796669005,0.032692411643573886,0.6082194355271594,0.0412341180939618,0.5837767214397228,0.04558374338120882,200.0,0.0
mass,config fixed,12,fixed,42,C4,0.533304314837553,0.04356775006869949,0.49886196219296475,0.048397572453212856,0.5215305682709973,0.039661638208370875,0.5046432668783511,0.03600723106636573,0.4950352886094409,0.06862530680723082,200.0,0.0
mass,config fixed,12,fixed,42,C5,0.5570864666678256,0.014592988314311956,0.5264087110586132,0.03215230999533556,0.5404241030328019,0.016842362610492274,0.5244904910180045,0.020625481896435174,0.5307098329877741,0.05523676798926392,200.0,0.0
mass,config large,12,large,42,C1,0.6736739549463967,0.061086277396294145,0.57366634780179,0.0474411672348158,0.6100082703414434,0.046897236618592235,0.6117478886456053,0.061938061947727045,0.5432997502790348,0.05756886717274165,41.2,30.898220013457088
mass,config large,12,large,42,C2,0.6852108160334108,0.046483402683802875,0.608356801064727,0.045695581988943974,0.6375294686786558,0.047790947473562564,0.6403990276314724,0.06543125527574713,0.5816757600531666,0.04770879687063327,22.0,14.64581851587681
mass,config large,12,large,42,C3,0.6558755120993561,0.05765541930679179,0.5920788219133808,0.06142680573427251,0.621855071456459,0.05782816005994533,0.6210061168467713,0.07305151868086586,0.5683377180796099,0.06964483682700019,16.4,16.667333320000534
mass,config large,12,large,42,C4,0.5615524020847509,0.07225363916391506,0.5134921818791601,0.09346358819139555,0.5401731348723775,0.06421464329480388,0.526070358848887,0.07321164926488372,0.5159279982944616,0.14998174743468765,7.2,2.04939015319192
mass,config large,12,large,42,C5,0.5796310575480057,0.018739235904570776,0.5081448956115806,0.04079381708076672,0.5434153639116884,0.020320064748411987,0.5316660960858154,0.02097229137929271,0.4930095508096602,0.08195226538657714,16.6,11.23832727766904
mass,config raw,12,raw,42,C1,0.6566683311386543,0.051505961875600095,0.5620718809501846,0.07254636439560078,0.6049138139542374,0.051487256248610565,0.611689961988447,0.07139091585590178,0.5343351591473869,0.11523345663242648,63.0,89.28325710904592
mass,config raw,12,raw,42,C2,0.659038553807479,0.06351701834014617,0.48077322513915155,0.21904312206069468,0.6003328843169227,0.06962291837502714,0.6716162213053407,0.14180065514949755,0.44015004078344494,0.22270842990660056,28.4,29.43297470525193
mass,config raw,12,raw,42,C3,0.6155675948232743,0.08232623882249028,0.46460763090361895,0.26297827687296743,0.5936620329957225,0.05974597106103681,0.4904951502386984,0.2815730893182008,0.44273871546652577,0.24952687827330347,31.8,31.60221511223541
mass,config raw,12,raw,42,C4,0.5736271995740794,0.07754197494997596,0.40707550675280296,0.23291669477665006,0.5588448158872877,0.053978849836335496,0.4580541409809703,0.2638599055223443,0.3702128437422005,0.21569856342987437,56.0,64.8459713474939
mass,config raw,12,raw,42,C5,0.5771391110753958,0.03029531220688969,0.5284448213448152,0.03662691617956422,0.5613298048046352,0.03254819330777942,0.5514483549621764,0.03643627644126426,0.5100237976725174,0.05402328310076279,70.8,34.96712741990683
mass,config small,12,small,42,C1,0.6632656179218366,0.06608610481242007,0.6055008474008831,0.059181440757885756,0.6107147486981453,0.0588822004600603,0.6007980953737365,0.08097353491069144,0.6224393022359888,0.11310191018723913,89.4,128.81886507806223
mass,config small,12,small,42,C2,0.6620567921152454,0.05121406571598254,0.5989365489735748,0.04262476216693755,0.6142209402976714,0.04474360653957667,0.6028968077828808,0.04558151353895708,0.5955678005216303,0.04481800974966847,36.8,17.767948671695333
mass,config small,12,small,42,C3,0.6545577635810995,0.05518585385064876,0.6043701681331409,0.05428158741131893,0.6138247287321461,0.052634579344332785,0.600622257468743,0.05891444182521483,0.611890199393471,0.0760050403938558,38.0,20.457272545478784
mass,config small,12,small,42,C4,0.5559621348824825,0.06933038894975833,0.48669707871655044,0.09874205067825874,0.5415986485002514,0.06438962580797312,0.5370425014440047,0.09226308467504105,0.4645346357419098,0.14563393916100364,23.6,11.92895636675732
mass,config small,12,small,42,C5,0.5635359306937857,0.009855907009233032,0.48842397854066305,0.028258536998926317,0.5357334617128029,0.0178440954629414,0.5226735107054831,0.016031499593852236,0.4599047768310337,0.04320320101139454,41.2,19.53714411064217
mass,k8,8,base,42,C1,0.6397959480570721,0.06182509606064835,0.4356742533539687,0.25221907510288755,0.5729591980549049,0.058175732807982924,0.46775648358733213,0.2702218677648654,0.4124389514232739,0.24514545127509346,72.0,93.43982020530648
mass,k8,8,base,42,C2,0.6156899319689132,0.10306024376811841,0.4639558377876403,0.25610514816821184,0.5874303729003584,0.06578903723025208,0.583516035442641,0.090325040108117,0.4452888322500158,0.2511946077494608,32.0,26.645825188948457
mass,k8,8,base,42,C3,0.6450402605121239,0.06295818314602913,0.5820108886283346,0.06670790536605133,0.5983806906842248,0.05594910332031346,0.5841661402812482,0.05418879248848318,0.5818429097205031,0.0850539072080881,26.8,24.783058729704855
mass,k8,8,base,42,C4,0.5503103850292905,0.0260624721992347,0.3967790918648828,0.226778379986592,0.5411064803330279,0.029386016695844296,0.43276153128445144,0.24293177475369546,0.37204034535213987,0.2211448387321276,28.6,30.07158126869952
mass,k8,8,base,42,C5,0.562589250678635,0.06667189316748115,0.5032699118992822,0.05417865254216223,0.5590837479238788,0.04579475353293562,0.5524421326835715,0.056988384721722,0.46286325635344927,0.055015608035774766,30.4,15.192103211866355
mass,main,12,base,42,C1,0.6521742884444497,0.06773380990388557,0.47187653846427635,0.22371101343189312,0.5858784808707369,0.0577574704180896,0.641852154416211,0.13217424212146606,0.44966240929119994,0.24147294075927114,52.0,76.54737095420064
mass,main,12,base,42,C2,0.641183857367764,0.05898064066744649,0.49550783228243594,0.18551707287225286,0.5908200741402938,0.04635747794230923,0.6117529031814746,0.05918823123437522,0.46704857982915327,0.2116258214239722,18.4,11.282730166054668
mass,main,12,base,42,C3,0.6478929265082443,0.054926863538391296,0.5794717703703534,0.05720141075995618,0.6148266515678997,0.05885773310526848,0.6194491708928311,0.07917257163262578,0.5487004078704889,0.061815283976156855,15.4,8.848728722251575
mass,main,12,base,42,C4,0.5647222952370405,0.07859844330318476,0.35000331784008337,0.187693633418891,0.5653813852054125,0.0384482742019502,0.5932635658914729,0.1046725901645857,0.27360915679054854,0.17037911776469306,6.0,5.70087712549569
mass,main,12,base,42,C5,0.5634811748757352,0.024218969874582903,0.4869292913625225,0.031522876400822464,0.5388741318868202,0.026667426630275614,0.5265593440827085,0.029700987340679025,0.4530512384512753,0.033941424459888604,22.6,11.674759098157015
mass,reps2,12,base,42,C4,0.5477265034813505,0.05210144940359812,0.44552311320339105,0.05693712135694691,0.5340036957711192,0.04153333339946658,0.531434701362451,0.06277765549536284,0.3923029210608578,0.08153450006740708,23.6,11.414902540100814
mass,reps2,12,base,42,C5,0.6143442584321931,0.03939254556482174,0.46551601412108834,0.21189286287874268,0.5740817210737583,0.03335978435906757,0.5928182530356443,0.04816387755946478,0.4462296521243598,0.22697325422872042,23.6,21.881499034572563
mass,seeds,12,base,43,C1,0.6542276516182256,0.08123808150771544,0.5843904159728429,0.0591093372956506,0.614437240394654,0.059077985027282044,0.6114103392562926,0.06518235893545381,0.5601604720491571,0.05717308062543596,109.0,83.11437902072059
mass,seeds,12,base,43,C2,0.6789772234668028,0.05235262821262562,0.6072200668950037,0.047609040248642556,0.638967339904897,0.039284215831930154,0.6420587386586798,0.049496262019625245,0.5801005643486518,0.07095288795258803,41.2,22.949945533704433
mass,seeds,12,base,43,C3,0.665164277396007,0.05285647040244893,0.594826219668987,0.042821382986583785,0.6245829800187281,0.048049946746064366,0.6260083741680684,0.06563727980905572,0.5689643808648468,0.04352096025622991,47.6,24.541801074900757
mass,seeds,12,base,43,C4,0.5698679672181545,0.06317733653585482,0.4834083880355049,0.04284895781630351,0.5564017015107041,0.053427036719474325,0.5630339149509134,0.08207653420459007,0.4292647543642024,0.05223240123872195,10.0,11.61895003862225
mass,seeds,12,base,43,C5,0.5796578791567876,0.029599953304759806,0.49492150914468114,0.04677177680025446,0.5640998854158454,0.0341552878031612,0.5649577902436341,0.044621275644148674,0.44473636701476205,0.06490751495799453,16.4,6.348228099241552
mass,seeds,12,base,44,C1,0.6483026348005443,0.07555931834783297,0.5553511938423004,0.10132305632202293,0.6088526589012114,0.056988001814533146,0.6079974231469248,0.05619637132716585,0.5196245192117408,0.13498501956309514,35.8,38.47986486462758
mass,seeds,12,base,44,C2,0.6579889705556654,0.09049754501571501,0.5854661916941494,0.1071911829513405,0.6304710275516671,0.07484573811559654,0.6331786400622051,0.08455351800826992,0.5506548355635262,0.1285018315676526,28.2,15.626899884494044
mass,seeds,12,base,44,C3,0.6560860345454763,0.06670025958140142,0.5908827631037417,0.040087032232027246,0.6113364496520431,0.04167477855375002,0.6021866374223258,0.042687061146386596,0.5803205907953117,0.04089843251970803,42.6,28.710625210886647
mass,seeds,12,base,44,C4,0.5606072768254162,0.07293371217852176,0.4062890121781358,0.15150259896253607,0.5256531781437767,0.04941799614233154,0.5163901638299229,0.0595682271050872,0.36577973356416604,0.16415278002086922,17.8,20.873428084528904
mass,seeds,12,base,44,C5,0.5509631944974327,0.030774198447065124,0.39531549889406337,0.14959002842117575,0.5417903604581307,0.025179723578760624,0.5499237332164955,0.05829333462215301,0.3426716069197431,0.17894989479768864,16.8,16.037456157383563
mass,seeds,12,base,45,C1,0.6464923678141716,0.07104000931078044,0.5573955025363974,0.06028610221234298,0.5964082416779076,0.06888959228846872,0.6017908387740712,0.09730017890916266,0.5231249853667215,0.05488202426884884,54.6,43.76414057193401
mass,seeds,12,base,45,C2,0.676343987942234,0.05737440090619929,0.6047755746009745,0.07176036295205256,0.6299665594793582,0.0671815584102782,0.6267576166952313,0.07694350474630128,0.5863432813518562,0.07626102785983142,33.8,19.070920271449932
mass,seeds,12,base,45,C3,0.6692422688535996,0.051862231873677736,0.5763132301103704,0.03559862136720432,0.6161197606455918,0.04537974170434839,0.625539495464256,0.07936176599662309,0.5387933011984101,0.040135821773817894,35.6,12.660963628413123
mass,seeds,12,base,45,C4,0.5449016132809027,0.07316917398870713,0.5145850214991292,0.07208124357437569,0.5131840288697335,0.06552227086157013,0.5171865640354849,0.09191344830153715,0.5612848921879545,0.23346347986421878,22.4,24.027068069159
mass,seeds,12,base,45,C5,0.5771171603278236,0.03310515432242758,0.5288427049141335,0.05775995360429179,0.5566159080036014,0.04538951794140447,0.5620805510412265,0.05039449572983628,0.5406223055966313,0.21655543216380646,28.8,16.9617216107328
mass,seeds,12,base,46,C1,0.6517396805319616,0.05720664435811573,0.5549810771581406,0.08249146497293752,0.6176594529105331,0.046038670924813174,0.6356587185067311,0.06574520153575193,0.5043342592931405,0.11767244627802978,36.4,38.48766036017258
mass,seeds,12,base,46,C2,0.6592727634476534,0.07068884438225187,0.5915708104261861,0.05227536630439558,0.6115114550162888,0.06675900414319147,0.609246340410067,0.08593133434283116,0.5779327415799571,0.03800574288453995,19.6,6.387487769068524
mass,seeds,12,base,46,C3,0.6454187946791088,0.05860870249784652,0.5841422622789508,0.05553536939983142,0.617502737943467,0.05754732760202296,0.6184176776801886,0.06759747585498119,0.5547135733870716,0.05343803781436954,10.6,2.8809720581775866
mass,seeds,12,base,46,C4,0.5303738118350877,0.07101164935771478,0.384840588949629,0.17087560155934034,0.5293536439638759,0.053994538196405505,0.544015287523288,0.08751281343287994,0.3379245056797514,0.16551667648406987,14.6,9.289779329994873
mass,seeds,12,base,46,C5,0.5743201966724809,0.047034120107503616,0.4335662198656299,0.14088650966613286,0.5493393901291955,0.019947109275995575,0.5443899159283594,0.01693850745722888,0.385239820318416,0.16134937124159468,15.0,14.949916387726054
