analysis,k,config,seed,condition,fold,epochs,auc,f1,accuracy,precision,recall,finding_type
main,12,base,42,C1,0,53,0.7374415168677665,0.6611570247933884,0.6784313725490196,0.6779661016949152,0.6451612903225806,mass
main,12,base,42,C1,1,1,0.6704737222757956,0.09302325581395349,0.5465116279069767,0.8571428571428571,0.04918032786885246,mass
main,12,base,42,C1,2,184,0.6495793168774726,0.5925925925925926,0.5895522388059702,0.5755395683453237,0.6106870229007634,mass
main,12,base,42,C1,3,6,0.5485766202301635,0.4622222222222222,0.5291828793774319,0.5306122448979592,0.4094488188976378,mass
main,12,base,42,C1,4,16,0.6548002659710501,0.5503875968992248,0.5857142857142857,0.568,0.5338345864661654,mass
main,12,base,42,C2,0,30,0.7373799556759417,0.6410256410256411,0.6705882352941176,0.6818181818181818,0.6048387096774194,mass
main,12,base,42,C2,1,3,0.5752169720347156,0.17142857142857143,0.5503875968992248,0.6666666666666666,0.09836065573770492,mass
main,12,base,42,C2,2,29,0.6329191508330083,0.5418326693227091,0.5708955223880597,0.5666666666666667,0.5190839694656488,mass
main,12,base,42,C2,3,14,0.6301029678982435,0.5446808510638298,0.5836575875486382,0.5925925925925926,0.5039370078740157,mass
main,12,base,42,C2,4,16,0.6303002403969106,0.5785714285714286,0.5785714285714286,0.5510204081632653,0.6090225563909775,mass
main,12,base,42,C3,0,30,0.7399655257325782,0.6784140969162996,0.7137254901960784,0.7475728155339806,0.6209677419354839,mass
main,12,base,42,C3,1,6,0.648625843780135,0.5358851674641149,0.624031007751938,0.6436781609195402,0.45901639344262296,mass
main,12,base,42,C3,2,15,0.6246169276202151,0.5714285714285714,0.585820895522388,0.578125,0.5648854961832062,mass
main,12,base,42,C3,3,13,0.6308903694730466,0.5454545454545454,0.5719844357976653,0.5739130434782609,0.5196850393700787,mass
main,12,base,42,C3,4,13,0.5953659659352463,0.5661764705882353,0.5785714285714286,0.5539568345323741,0.5789473684210527,mass
main,12,base,42,C4,0,14,0.6393745382910614,0.49523809523809526,0.5843137254901961,0.6046511627906976,0.41935483870967744,mass
main,12,base,42,C4,1,2,0.5172974927675988,0.3037974683544304,0.5736434108527132,0.6666666666666666,0.19672131147540983,mass
main,12,base,42,C4,2,10,0.5886777734440296,0.4935064935064935,0.5634328358208955,0.57,0.4351145038167939,mass
main,12,base,42,C4,3,1,0.4525136281041793,0.04477611940298507,0.5019455252918288,0.42857142857142855,0.023622047244094488,mass
main,12,base,42,C4,4,3,0.6257480435783336,0.4126984126984127,0.6035714285714285,0.6964285714285714,0.2932330827067669,mass
main,12,base,42,C5,0,41,0.5349051957645901,0.4473684210526316,0.5058823529411764,0.49038461538461536,0.4112903225806452,mass
main,12,base,42,C5,1,13,0.584076663452266,0.4890829694323144,0.5465116279069767,0.5233644859813084,0.45901639344262296,mass
main,12,base,42,C5,2,27,0.5654984119908619,0.5267489711934157,0.5708955223880597,0.5714285714285714,0.48854961832061067,mass
main,12,base,42,C5,3,18,0.5431859479103573,0.46551724137931033,0.5175097276264592,0.5142857142857142,0.4251968503937008,mass
main,12,base,42,C5,4,14,0.5897396552606005,0.5059288537549407,0.5535714285714286,0.5333333333333333,0.48120300751879697,mass
main,12,base,42,C1,0,12,0.7378231292517007,0.5396825396825397,0.6317460317460317,0.46258503401360546,0.6476190476190476,calcification
main,12,base,42,C1,1,34,0.6842261904761905,0.5333333333333333,0.6383763837638377,0.49122807017543857,0.5833333333333334,calcification
main,12,base,42,C1,2,8,0.7508308408109007,0.5962264150943396,0.6677018633540373,0.5374149659863946,0.6694915254237288,calcification
main,12,base,42,C1,3,9,0.7906205799151343,0.591304347826087,0.7006369426751592,0.576271186440678,0.6071428571428571,calcification
main,12,base,42,C1,4,13,0.7466761733003396,0.599250936329588,0.6697530864197531,0.5194805194805194,0.7079646017699115,calcification
main,12,base,42,C2,0,26,0.7515646258503401,0.5737051792828686,0.6603174603174603,0.4931506849315068,0.6857142857142857,calcification
main,12,base,42,C2,1,20,0.6833333333333333,0.5370370370370371,0.6309963099630996,0.48333333333333334,0.6041666666666666,calcification
main,12,base,42,C2,2,58,0.8029245596543703,0.6881720430107527,0.7298136645962733,0.5962732919254659,0.8135593220338984,calcification
main,12,base,42,C2,3,12,0.7880569306930693,0.6198347107438017,0.7070063694267515,0.5769230769230769,0.6696428571428571,calcification
main,12,base,42,C2,4,11,0.7640397600973031,0.6277372262773723,0.6851851851851852,0.5341614906832298,0.7610619469026548,calcification
main,12,base,42,C3,0,27,0.7470748299319728,0.5811320754716981,0.6476190476190476,0.48125,0.7333333333333333,calcification
main,12,base,42,C3,1,21,0.6785714285714286,0.5429864253393665,0.6273062730627307,0.48,0.625,calcification
main,12,base,42,C3,2,37,0.7615071452309737,0.6164874551971327,0.6677018633540373,0.5341614906832298,0.7288135593220338,calcification
main,12,base,42,C3,3,34,0.7687411598302686,0.6199261992619927,0.6719745222929936,0.5283018867924528,0.75,calcification
main,12,base,42,C3,4,11,0.7395881390764585,0.5915492957746479,0.6419753086419753,0.49122807017543857,0.7433628318584071,calcification
main,12,base,42,C4,0,40,0.5962358276643991,0.43859649122807015,0.5936507936507937,0.4065040650406504,0.47619047619047616,calcification
main,12,base,42,C4,1,45,0.6314880952380952,0.48044692737430167,0.6568265682656826,0.5180722891566265,0.4479166666666667,calcification
main,12,base,42,C4,2,19,0.7081256231306082,0.5643153526970954,0.6739130434782609,0.5528455284552846,0.576271186440678,calcification
main,12,base,42,C4,3,18,0.6294642857142857,0.4484304932735426,0.60828025477707,0.45045045045045046,0.44642857142857145,calcification
main,12,base,42,C4,4,8,0.6339806232437193,0.49411764705882355,0.6018518518518519,0.44366197183098594,0.5575221238938053,calcification
main,12,base,42,C5,0,34,0.6712471655328799,0.5358490566037736,0.6095238095238096,0.44375,0.6761904761904762,calcification
main,12,base,42,C5,1,49,0.6941071428571428,0.5666666666666667,0.6162361623616236,0.4722222222222222,0.7083333333333334,calcification
main,12,base,42,C5,2,37,0.6642156862745098,0.5544554455445545,0.5807453416149069,0.4540540540540541,0.711864406779661,calcification
main,12,base,42,C5,3,34,0.6943069306930693,0.5754385964912281,0.6146496815286624,0.47398843930635837,0.7321428571428571,calcification
main,12,base,42,C5,4,21,0.6093612380992325,0.5369127516778524,0.5740740740740741,0.43243243243243246,0.7079646017699115,calcification
reps2,12,base,42,C4,0,24,0.5739349913814331,0.5043478260869565,0.5529411764705883,0.5471698113207547,0.46774193548387094,mass
reps2,12,base,42,C4,1,32,0.5201904532304725,0.45454545454545453,0.4883720930232558,0.4583333333333333,0.45081967213114754,mass
reps2,12,base,42,C4,2,19,0.5807098679445033,0.4935064935064935,0.5634328358208955,0.57,0.4351145038167939,mass
reps2,12,base,42,C4,3,36,0.46935190793458514,0.37320574162679426,0.490272373540856,0.47560975609756095,0.30708661417322836,mass
reps2,12,base,42,C4,4,7,0.5944452969157588,0.4020100502512563,0.575,0.6060606060606061,0.3007518796992481,mass
reps2,12,base,42,C5,0,53,0.6495321349421326,0.5983606557377049,0.615686274509804,0.6083333333333333,0.5887096774193549,mass
reps2,12,base,42,C5,1,1,0.607039537126326,0.0916030534351145,0.5387596899224806,0.6666666666666666,0.04918032786885246,mass
reps2,12,base,42,C5,2,13,0.6218866662952025,0.5577689243027888,0.585820895522388,0.5833333333333334,0.5343511450381679,mass
reps2,12,base,42,C5,3,40,0.5506359781950333,0.5042016806722689,0.5408560311284046,0.5405405405405406,0.47244094488188976,mass
reps2,12,base,42,C5,4,11,0.6426269756022709,0.5756457564575646,0.5892857142857143,0.5652173913043478,0.5864661654135338,mass
reps2,12,base,42,C4,0,23,0.6373696145124716,0.47058823529411764,0.5714285714285714,0.4,0.5714285714285714,calcification
reps2,12,base,42,C4,1,28,0.5965476190476191,0.3939393939393939,0.5571955719557196,0.38235294117647056,0.40625,calcification
reps2,12,base,42,C4,2,16,0.5993685609837155,0.41025641025641024,0.5714285714285714,0.41379310344827586,0.4067796610169492,calcification
reps2,12,base,42,C4,3,26,0.6615099009900991,0.5344129554655871,0.6337579617834395,0.4888888888888889,0.5892857142857143,calcification
reps2,12,base,42,C4,4,34,0.6560416055026632,0.5038167938931297,0.5987654320987654,0.4429530201342282,0.584070796460177,calcification
reps2,12,base,42,C5,0,12,0.709297052154195,0.5736434108527132,0.6507936507936508,0.48366013071895425,0.7047619047619048,calcification
reps2,12,base,42,C5,1,12,0.6561904761904762,0.5395348837209303,0.6346863468634686,0.48739495798319327,0.6041666666666666,calcification
reps2,12,base,42,C5,2,109,0.7401129943502824,0.6165413533834586,0.6832298136645962,0.5540540540540541,0.6949152542372882,calcification
reps2,12,base,42,C5,3,11,0.7110148514851485,0.5931558935361216,0.6592356687898089,0.5165562913907285,0.6964285714285714,calcification
reps2,12,base,42,C5,4,8,0.6710564945686364,0.5819397993311036,0.6141975308641975,0.46774193548387094,0.7699115044247787,calcification
k8,8,base,42,C1,0,15,0.7202043831568579,0.6126126126126126,0.6627450980392157,0.6938775510204082,0.5483870967741935,mass
k8,8,base,42,C1,1,1,0.6668273866923818,0.0,0.5271317829457365,0.0,0.0,mass
k8,8,base,42,C1,2,125,0.6340335432105644,0.56,0.5895522388059702,0.5882352941176471,0.5343511450381679,mass
k8,8,base,42,C1,3,7,0.550938824954573,0.43636363636363634,0.5175097276264592,0.5161290322580645,0.3779527559055118,mass
k8,8,base,42,C1,4,212,0.6269756022709836,0.5693950177935944,0.5678571428571428,0.5405405405405406,0.6015037593984962,mass
k8,8,base,42,C2,0,30,0.7413814331445456,0.6363636363636364,0.6862745098039216,0.7291666666666666,0.5645161290322581,mass
k8,8,base,42,C2,1,1,0.459920443587271,0.016129032258064516,0.5271317829457365,0.5,0.00819672131147541,mass
k8,8,base,42,C2,2,49,0.6477962890733827,0.6053639846743295,0.6156716417910447,0.6076923076923076,0.6030534351145038,mass
k8,8,base,42,C2,3,13,0.5883101150817687,0.4915254237288136,0.5330739299610895,0.5321100917431193,0.4566929133858268,mass
k8,8,base,42,C2,4,67,0.6410413789575982,0.5703971119133574,0.575,0.5486111111111112,0.5939849624060151,mass
k8,8,base,42,C3,0,17,0.7210046786505786,0.6390041493775933,0.6588235294117647,0.6581196581196581,0.6209677419354839,mass
k8,8,base,42,C3,1,13,0.6959980713596914,0.6459143968871596,0.6472868217054264,0.6148148148148148,0.680327868852459,mass
k8,8,base,42,C3,2,15,0.6224438624839805,0.5779467680608364,0.585820895522388,0.5757575757575758,0.5801526717557252,mass
k8,8,base,42,C3,3,18,0.5651726226529377,0.4810126582278481,0.5214007782101168,0.5181818181818182,0.44881889763779526,mass
k8,8,base,42,C3,4,71,0.6205820674134315,0.5661764705882353,0.5785714285714286,0.5539568345323741,0.5789473684210527,mass
k8,8,base,42,C4,0,65,0.5954198473282443,0.5462184873949579,0.5764705882352941,0.5701754385964912,0.5241935483870968,mass
k8,8,base,42,C4,1,6,0.5405014464802315,0.41836734693877553,0.5581395348837209,0.5540540540540541,0.3360655737704918,mass
k8,8,base,42,C4,2,57,0.5467209004290411,0.5098039215686274,0.5335820895522388,0.5241935483870968,0.4961832061068702,mass
k8,8,base,42,C4,3,1,0.5285281647486372,0.0,0.4980544747081712,0.0,0.0,mass
k8,8,base,42,C4,4,14,0.5403815661602986,0.5095057034220533,0.5392857142857143,0.5153846153846153,0.5037593984962406,mass
k8,8,base,42,C5,0,35,0.6145038167938932,0.5625,0.615686274509804,0.63,0.5080645161290323,mass
k8,8,base,42,C5,1,13,0.5655135004821601,0.49122807017543857,0.5503875968992248,0.5283018867924528,0.45901639344262296,mass
k8,8,base,42,C5,2,30,0.6084025185267733,0.5271966527196653,0.5783582089552238,0.5833333333333334,0.48091603053435117,mass
k8,8,base,42,C5,3,21,0.44936402180496665,0.4177777777777778,0.490272373540856,0.47959183673469385,0.3700787401574803,mass
k8,8,base,42,C5,4,53,0.5751623957853818,0.5176470588235295,0.5607142857142857,0.5409836065573771,0.49624060150375937,mass
k8,8,base,42,C1,0,77,0.7410884353741497,0.5890909090909091,0.6412698412698413,0.4764705882352941,0.7714285714285715,calcification
k8,8,base,42,C1,1,34,0.6829166666666667,0.5504587155963303,0.6383763837638377,0.4918032786885246,0.625,calcification
k8,8,base,42,C1,2,16,0.7558989697573945,0.6102941176470589,0.6708074534161491,0.538961038961039,0.7033898305084746,calcification
k8,8,base,42,C1,3,9,0.7619342291371993,0.5916666666666667,0.6878980891719745,0.5546875,0.6339285714285714,calcification
k8,8,base,42,C1,4,21,0.7380363209327685,0.5915492957746479,0.6419753086419753,0.49122807017543857,0.7433628318584071,calcification
k8,8,base,42,C2,0,40,0.7634013605442177,0.592,0.6761904761904762,0.5103448275862069,0.7047619047619048,calcification
k8,8,base,42,C2,1,34,0.6969047619047619,0.5242718446601942,0.6383763837638377,0.4909090909090909,0.5625,calcification
k8,8,base,42,C2,2,58,0.8005566633433034,0.6545454545454545,0.7049689440993789,0.5732484076433121,0.7627118644067796,calcification
k8,8,base,42,C2,3,88,0.8220915841584157,0.7044534412955465,0.767515923566879,0.6444444444444445,0.7767857142857143,calcification
k8,8,base,42,C2,4,19,0.751205804638678,0.5895522388059702,0.6604938271604939,0.5096774193548387,0.6991150442477876,calcification
k8,8,base,42,C3,0,27,0.7408616780045352,0.5606060606060606,0.6317460317460317,0.46540880503144655,0.7047619047619048,calcification
k8,8,base,42,C3,1,34,0.6820833333333334,0.5137614678899083,0.6088560885608856,0.45901639344262296,0.5833333333333334,calcification
k8,8,base,42,C3,2,59,0.771020272515786,0.6188679245283019,0.6863354037267081,0.5578231292517006,0.6949152542372882,calcification
k8,8,base,42,C3,3,38,0.7752386845827439,0.623574144486692,0.6847133757961783,0.543046357615894,0.7321428571428571,calcification
k8,8,base,42,C3,4,11,0.7465084091766976,0.5917602996254682,0.6635802469135802,0.512987012987013,0.6991150442477876,calcification
k8,8,base,42,C4,0,28,0.5684353741496598,0.38095238095238093,0.5873015873015873,0.38095238095238093,0.38095238095238093,calcification
k8,8,base,42,C4,1,55,0.5716666666666667,0.4321608040201005,0.5830258302583026,0.4174757281553398,0.4479166666666667,calcification
k8,8,base,42,C4,2,14,0.649883682286474,0.4827586206896552,0.6273291925465838,0.49122807017543857,0.4745762711864407,calcification
k8,8,base,42,C4,3,34,0.5918051626591231,0.44545454545454544,0.6114649681528662,0.4537037037037037,0.4375,calcification
k8,8,base,42,C4,4,6,0.6010569139789456,0.4,0.6018518518518519,0.4215686274509804,0.3805309734513274,calcification
k8,8,base,42,C5,0,72,0.6738775510204082,0.50199203187251,0.6031746031746031,0.4315068493150685,0.6,calcification
k8,8,base,42,C5,1,28,0.6418452380952381,0.5,0.6088560885608856,0.45689655172413796,0.5520833333333334,calcification
k8,8,base,42,C5,2,36,0.6625955466932536,0.5694915254237288,0.6055900621118012,0.4745762711864407,0.711864406779661,calcification
k8,8,base,42,C5,3,26,0.6994342291371993,0.575107296137339,0.6847133757961783,0.5537190082644629,0.5982142857142857,calcification
k8,8,base,42,C5,4,10,0.6072641865537056,0.5131578947368421,0.5432098765432098,0.4083769633507853,0.6902654867256637,calcification
seeds,12,base,43,C1,0,139,0.7487687761635066,0.6551724137931034,0.6862745098039216,0.7037037037037037,0.6129032258064516,mass
seeds,12,base,43,C1,1,228,0.707208293153327,0.6333333333333333,0.6589147286821705,0.6440677966101694,0.6229508196721312,mass
seeds,12,base,43,C1,2,104,0.6482420460244052,0.5770750988142292,0.6007462686567164,0.5983606557377049,0.5572519083969466,mass
seeds,12,base,43,C1,3,4,0.5354936402180497,0.5182186234817814,0.5369649805447471,0.5333333333333333,0.5039370078740157,mass
seeds,12,base,43,C1,4,70,0.6314255025318397,0.5381526104417671,0.5892857142857143,0.5775862068965517,0.5037593984962406,mass
seeds,12,base,43,C2,0,58,0.7456907165722729,0.64,0.6823529411764706,0.7128712871287128,0.5806451612903226,mass
seeds,12,base,43,C2,1,67,0.7198047251687559,0.6666666666666666,0.6782945736434108,0.6535433070866141,0.680327868852459,mass
seeds,12,base,43,C2,2,46,0.6675767537750041,0.6062992125984252,0.6268656716417911,0.6260162601626016,0.5877862595419847,mass
seeds,12,base,43,C2,3,15,0.6240460327074498,0.5495495495495496,0.6108949416342413,0.6421052631578947,0.48031496062992124,mass
seeds,12,base,43,C2,4,20,0.6377678891105314,0.5735849056603773,0.5964285714285714,0.5757575757575758,0.5714285714285714,mass
seeds,12,base,43,C3,0,58,0.7288229500123122,0.6363636363636364,0.6862745098039216,0.7291666666666666,0.5645161290322581,mass
seeds,12,base,43,C3,1,73,0.709920443587271,0.6419753086419753,0.6627906976744186,0.6446280991735537,0.639344262295082,mass
seeds,12,base,43,C3,2,58,0.643673037276425,0.5873015873015873,0.6119402985074627,0.6115702479338843,0.5648854961832062,mass
seeds,12,base,43,C3,3,9,0.6007268322228952,0.55,0.5797665369649806,0.584070796460177,0.5196850393700787,mass
seeds,12,base,43,C3,4,40,0.6426781238811313,0.5584905660377358,0.5821428571428572,0.5606060606060606,0.556390977443609,mass
seeds,12,base,43,C4,0,30,0.6319871952721005,0.5384615384615384,0.6235294117647059,0.6666666666666666,0.45161290322580644,mass
seeds,12,base,43,C4,1,9,0.5556292189006751,0.48333333333333334,0.5193798449612403,0.4915254237288136,0.47540983606557374,mass
seeds,12,base,43,C4,2,7,0.5701231403577199,0.5020242914979757,0.5410447761194029,0.5344827586206896,0.4732824427480916,mass
seeds,12,base,43,C4,3,3,0.47250151423379766,0.42152466367713004,0.4980544747081712,0.4895833333333333,0.3700787401574803,mass
seeds,12,base,43,C4,4,1,0.6190987673264794,0.4716981132075472,0.6,0.6329113924050633,0.37593984962406013,mass
seeds,12,base,43,C5,0,15,0.6308175326274317,0.5327102803738317,0.6078431372549019,0.6333333333333333,0.4596774193548387,mass
seeds,12,base,43,C5,1,24,0.5742526518804243,0.5384615384615384,0.5813953488372093,0.5625,0.5163934426229508,mass
seeds,12,base,43,C5,2,7,0.5569733103025575,0.4777327935222672,0.5186567164179104,0.5086206896551724,0.45038167938931295,mass
seeds,12,base,43,C5,3,16,0.5619018776499092,0.4236453201970443,0.5447470817120622,0.5657894736842105,0.33858267716535434,mass
seeds,12,base,43,C5,4,20,0.5743440233236152,0.5020576131687243,0.5678571428571428,0.5545454545454546,0.45864661654135336,mass
seeds,12,base,44,C1,0,98,0.7280842157104161,0.6468085106382979,0.6745098039215687,0.6846846846846847,0.6129032258064516,mass
seeds,12,base,44,C1,1,17,0.7044961427193828,0.6374501992031872,0.6472868217054264,0.6201550387596899,0.6557377049180327,mass
seeds,12,base,44,C1,2,47,0.6261213573299158,0.5327510917030568,0.6007462686567164,0.6224489795918368,0.46564885496183206,mass
seeds,12,base,44,C1,3,2,0.5350696547546941,0.39603960396039606,0.5252918287937743,0.5333333333333333,0.31496062992125984,mass
seeds,12,base,44,C1,4,15,0.6477418034883126,0.5637065637065637,0.5964285714285714,0.5793650793650794,0.5488721804511278,mass
seeds,12,base,44,C2,0,28,0.7486456537798571,0.6902654867256637,0.7254901960784313,0.7647058823529411,0.6290322580645161,mass
seeds,12,base,44,C2,1,49,0.7308944069431051,0.6666666666666666,0.6821705426356589,0.6612903225806451,0.6721311475409836,mass
seeds,12,base,44,C2,2,24,0.6465704574580711,0.576,0.6044776119402985,0.6050420168067226,0.549618320610687,mass
seeds,12,base,44,C2,3,6,0.5205935796486978,0.4174757281553398,0.5330739299610895,0.5443037974683544,0.33858267716535434,mass
seeds,12,base,44,C2,4,34,0.6432407549485959,0.5769230769230769,0.6071428571428571,0.5905511811023622,0.5639097744360902,mass
seeds,12,base,44,C3,0,86,0.7140482639743906,0.6276150627615062,0.6509803921568628,0.6521739130434783,0.6048387096774194,mass
seeds,12,base,44,C3,1,55,0.7334860173577626,0.636734693877551,0.6550387596899225,0.6341463414634146,0.639344262295082,mass
seeds,12,base,44,C3,2,34,0.6467376163147043,0.5849802371541502,0.6082089552238806,0.6065573770491803,0.5648854961832062,mass
seeds,12,base,44,C3,3,13,0.5786190187764991,0.5533596837944664,0.5603112840466926,0.5555555555555556,0.5511811023622047,mass
seeds,12,base,44,C3,4,25,0.6075392563040253,0.5517241379310345,0.5821428571428572,0.5625,0.5413533834586466,mass
seeds,12,base,44,C4,0,53,0.5805836000984979,0.463768115942029,0.5647058823529412,0.5783132530120482,0.3870967741935484,mass
seeds,12,base,44,C4,1,9,0.5073529411764706,0.46774193548387094,0.4883720930232558,0.4603174603174603,0.47540983606557374,mass
seeds,12,base,44,C4,2,1,0.622332423246225,0.1437908496732026,0.5111940298507462,0.5,0.08396946564885496,mass
seeds,12,base,44,C4,3,6,0.4632344033918837,0.425531914893617,0.47470817120622566,0.46296296296296297,0.3937007874015748,mass
seeds,12,base,44,C4,4,20,0.6295330162140044,0.5306122448979592,0.5892857142857143,0.5803571428571429,0.48872180451127817,mass
seeds,12,base,44,C5,0,39,0.5698719527210047,0.5213675213675214,0.5607843137254902,0.5545454545454546,0.49193548387096775,mass
seeds,12,base,44,C5,1,17,0.57774831243973,0.5087719298245614,0.5658914728682171,0.5471698113207547,0.47540983606557374,mass
seeds,12,base,44,C5,2,1,0.508942998829888,0.22641509433962265,0.5410447761194029,0.6428571428571429,0.13740458015267176,mass
seeds,12,base,44,C5,3,2,0.5274379164142944,0.23809523809523808,0.5019455252918288,0.4878048780487805,0.15748031496062992,mass
seeds,12,base,44,C5,4,25,0.5708147920822464,0.4819277108433735,0.5392857142857143,0.5172413793103449,0.45112781954887216,mass
seeds,12,base,45,C1,0,105,0.7189731593203644,0.6190476190476191,0.6862745098039216,0.7558139534883721,0.5241935483870968,mass
seeds,12,base,45,C1,1,83,0.7179363548698168,0.6127659574468085,0.6472868217054264,0.6371681415929203,0.5901639344262295,mass
seeds,12,base,45,C1,2,10,0.6087368362400402,0.5296442687747036,0.5559701492537313,0.5491803278688525,0.5114503816793893,mass
seeds,12,base,45,C1,3,8,0.5562083585705633,0.4745762711864407,0.5175097276264592,0.5137614678899083,0.4409448818897638,mass
seeds,12,base,45,C1,4,67,0.6306071300700731,0.5509433962264151,0.575,0.553030303030303,0.5488721804511278,mass
seeds,12,base,45,C2,0,67,0.7491381433144546,0.703862660944206,0.7294117647058823,0.7522935779816514,0.6612903225806451,mass
seeds,12,base,45,C2,1,29,0.720708775313404,0.6446280991735537,0.6666666666666666,0.65,0.639344262295082,mass
seeds,12,base,45,C2,2,19,0.6189892461135565,0.5625,0.582089552238806,0.576,0.549618320610687,mass
seeds,12,base,45,C2,3,24,0.6261659600242278,0.5194805194805194,0.5680933852140078,0.5769230769230769,0.47244094488188976,mass
seeds,12,base,45,C2,4,30,0.6667178149455271,0.5934065934065934,0.6035714285714285,0.5785714285714286,0.6090225563909775,mass
seeds,12,base,45,C3,0,46,0.7323934991381434,0.6220095693779905,0.6901960784313725,0.7647058823529411,0.5241935483870968,mass
seeds,12,base,45,C3,1,24,0.7138379942140792,0.6033057851239669,0.627906976744186,0.6083333333333333,0.5983606557377049,mass
seeds,12,base,45,C3,2,34,0.6573800635203655,0.5645161290322581,0.5970149253731343,0.5982905982905983,0.5343511450381679,mass
seeds,12,base,45,C3,3,51,0.6165960024227741,0.5344827586206896,0.5797665369649806,0.5904761904761905,0.4881889763779528,mass
seeds,12,base,45,C3,4,23,0.6260037849726356,0.5572519083969466,0.5857142857142857,0.5658914728682171,0.5488721804511278,mass
seeds,12,base,45,C4,0,24,0.6547648362472298,0.5247524752475248,0.6235294117647059,0.6794871794871795,0.4274193548387097,mass
seeds,12,base,45,C4,1,19,0.5134402121504339,0.49206349206349204,0.5038759689922481,0.47692307692307695,0.5081967213114754,mass
seeds,12,base,45,C4,2,62,0.5411489385412603,0.4425531914893617,0.5111940298507462,0.5,0.3969465648854962,mass
seeds,12,base,45,C4,3,6,0.4548758328285888,0.48120300751879697,0.46303501945525294,0.460431654676259,0.5039370078740157,mass
seeds,12,base,45,C4,4,1,0.5602782466370007,0.6323529411764706,0.4642857142857143,0.4690909090909091,0.9699248120300752,mass
seeds,12,base,45,C5,0,51,0.5927727160797833,0.49523809523809526,0.5843137254901961,0.6046511627906976,0.41935483870967744,mass
seeds,12,base,45,C5,1,30,0.5984209257473481,0.5267857142857143,0.5891472868217055,0.5784313725490197,0.48360655737704916,mass
seeds,12,base,45,C5,2,34,0.6069538084359503,0.5128205128205128,0.5746268656716418,0.5825242718446602,0.4580152671755725,mass
seeds,12,base,45,C5,3,25,0.5605087825560265,0.4818181818181818,0.556420233463035,0.5698924731182796,0.41732283464566927,mass
seeds,12,base,45,C5,4,4,0.5269295688200092,0.6275510204081632,0.4785714285714286,0.4749034749034749,0.924812030075188,mass
seeds,12,base,46,C1,0,27,0.7291307559714355,0.5990338164251208,0.6745098039215687,0.7469879518072289,0.5,mass
seeds,12,base,46,C1,1,18,0.6960583413693346,0.6422764227642277,0.6589147286821705,0.6370967741935484,0.6475409836065574,mass
seeds,12,base,46,C1,2,2,0.5996545383629576,0.4221105527638191,0.5708955223880597,0.6176470588235294,0.32061068702290074,mass
seeds,12,base,46,C1,3,102,0.6172622652937614,0.5546218487394958,0.5875486381322957,0.5945945945945946,0.5196850393700787,mass
seeds,12,base,46,C1,4,33,0.616592501662319,0.5568627450980392,0.5964285714285714,0.5819672131147541,0.5338345864661654,mass
seeds,12,base,46,C2,0,27,0.7390421078552081,0.6576576576576577,0.7019607843137254,0.7448979591836735,0.5887096774193549,mass
seeds,12,base,46,C2,1,21,0.7225168756027002,0.6276150627615062,0.6550387596899225,0.6410256410256411,0.6147540983606558,mass
seeds,12,base,46,C2,2,13,0.5950298099960996,0.5538461538461539,0.5671641791044776,0.5581395348837209,0.549618320610687,mass
seeds,12,base,46,C2,3,13,0.5852816474863718,0.5296442687747036,0.5369649805447471,0.5317460317460317,0.5275590551181102,mass
seeds,12,base,46,C2,4,24,0.6544933762978876,0.5890909090909091,0.5964285714285714,0.5704225352112676,0.6090225563909775,mass
seeds,12,base,46,C3,0,10,0.6955183452351638,0.6462882096069869,0.6823529411764706,0.7047619047619048,0.5967741935483871,mass
seeds,12,base,46,C3,1,11,0.7210101253616201,0.6255506607929515,0.6705426356589147,0.6761904761904762,0.5819672131147541,mass
seeds,12,base,46,C3,2,6,0.6134172842257759,0.512396694214876,0.5597014925373134,0.5585585585585585,0.4732824427480916,mass
seeds,12,base,46,C3,3,13,0.5913991520290732,0.5447154471544715,0.5642023346303502,0.5630252100840336,0.5275590551181102,mass
seeds,12,base,46,C3,4,13,0.6057490665439107,0.5917602996254682,0.6107142857142858,0.5895522388059702,0.5939849624060151,mass
seeds,12,base,46,C4,0,10,0.6255848313223343,0.5,0.6078431372549019,0.6578947368421053,0.4032258064516129,mass
seeds,12,base,46,C4,1,18,0.49361137897782065,0.43983402489626555,0.47674418604651164,0.44537815126050423,0.4344262295081967,mass
seeds,12,base,46,C4,2,1,0.4721680503705355,0.0851063829787234,0.5186567164179104,0.6,0.04580152671755725,mass
seeds,12,base,46,C4,3,25,0.47383403997577234,0.415929203539823,0.48638132295719844,0.47474747474747475,0.3700787401574803,mass
seeds,12,base,46,C4,4,19,0.5866707585289754,0.48333333333333334,0.5571428571428572,0.5420560747663551,0.43609022556390975,mass
seeds,12,base,46,C5,0,40,0.5902487072149717,0.45714285714285713,0.5529411764705883,0.5581395348837209,0.3870967741935484,mass
seeds,12,base,46,C5,1,16,0.6119214079074252,0.4840182648401826,0.562015503875969,0.5463917525773195,0.4344262295081967,mass
seeds,12,base,46,C5,2,1,0.49284002897420176,0.1875,0.5149253731343284,0.5172413793103449,0.11450381679389313,mass
seeds,12,base,46,C5,3,9,0.579588128407026,0.4978165938864629,0.5525291828793775,0.5588235294117647,0.44881889763779526,mass
seeds,12,base,46,C5,4,9,0.5970027108587797,0.5413533834586466,0.5642857142857143,0.5413533834586466,0.5413533834586466,mass
config small,12,small,42,C1,0,86,0.7461832061068704,0.672566371681416,0.7098039215686275,0.7450980392156863,0.6129032258064516,mass
config small,12,small,42,C1,1,7,0.6950337512054001,0.6666666666666666,0.6124031007751938,0.5617977528089888,0.819672131147541,mass
config small,12,small,42,C1,2,313,0.644230233465203,0.5648854961832062,0.5746268656716418,0.5648854961832062,0.5648854961832062,mass
config small,12,small,42,C1,3,14,0.5672319806178074,0.549800796812749,0.5603112840466926,0.5564516129032258,0.5433070866141733,mass
config small,12,small,42,C1,4,27,0.6636489182139022,0.5735849056603773,0.5964285714285714,0.5757575757575758,0.5714285714285714,mass
config small,12,small,42,C2,0,64,0.7357793646885002,0.6443514644351465,0.6666666666666666,0.6695652173913044,0.6209677419354839,mass
config small,12,small,42,C2,1,22,0.6944310511089682,0.6370967741935484,0.6511627906976745,0.626984126984127,0.6475409836065574,mass
config small,12,small,42,C2,2,45,0.6335877862595419,0.5855513307984791,0.5932835820895522,0.5833333333333334,0.5877862595419847,mass
config small,12,small,42,C2,3,30,0.6136281041792854,0.5403225806451613,0.556420233463035,0.5537190082644629,0.5275590551181102,mass
config small,12,small,42,C2,4,23,0.6328576543399314,0.587360594795539,0.6035714285714285,0.5808823529411765,0.5939849624060151,mass
config small,12,small,42,C3,0,53,0.7351637527702537,0.6581196581196581,0.6862745098039216,0.7,0.6209677419354839,mass
config small,12,small,42,C3,1,18,0.682678399228544,0.664179104477612,0.6511627906976745,0.6095890410958904,0.7295081967213115,mass
config small,12,small,42,C3,2,66,0.6431715607065248,0.5746268656716418,0.5746268656716418,0.5620437956204379,0.5877862595419847,mass
config small,12,small,42,C3,3,26,0.6022410660205936,0.5409836065573771,0.5642023346303502,0.5641025641025641,0.5196850393700787,mass
config small,12,small,42,C3,4,27,0.6095340391795816,0.583941605839416,0.5928571428571429,0.5673758865248227,0.6015037593984962,mass
config small,12,small,42,C4,0,44,0.6294631864072888,0.4897959183673469,0.6078431372549019,0.6666666666666666,0.3870967741935484,mass
config small,12,small,42,C4,1,22,0.5074132111861137,0.47509578544061304,0.4689922480620155,0.4460431654676259,0.5081967213114754,mass
config small,12,small,42,C4,2,13,0.5834401292695158,0.5874125874125874,0.5597014925373134,0.5419354838709678,0.6412213740458015,mass
config small,12,small,42,C4,3,21,0.46141732283464565,0.33,0.4785992217898833,0.4520547945205479,0.25984251968503935,mass
config small,12,small,42,C4,4,18,0.5980768247148482,0.5511811023622047,0.5928571428571429,0.5785123966942148,0.5263157894736842,mass
config small,12,small,42,C5,0,70,0.5735656242304851,0.48945147679324896,0.5254901960784314,0.5132743362831859,0.46774193548387094,mass
config small,12,small,42,C5,1,26,0.5695515911282546,0.5130434782608696,0.5658914728682171,0.5462962962962963,0.48360655737704916,mass
config small,12,small,42,C5,2,53,0.5682286733158746,0.5118110236220472,0.5373134328358209,0.5284552845528455,0.4961832061068702,mass
config small,12,small,42,C5,3,30,0.5504542701393095,0.4434389140271493,0.5214007782101168,0.5212765957446809,0.3858267716535433,mass
config small,12,small,42,C5,4,27,0.5558794946550049,0.484375,0.5285714285714286,0.5040650406504065,0.46616541353383456,mass
config large,12,large,42,C1,0,34,0.7547402117704999,0.6181818181818182,0.6705882352941176,0.7083333333333334,0.5483870967741935,mass
config large,12,large,42,C1,1,86,0.7160679845708775,0.6160337552742616,0.6472868217054264,0.6347826086956522,0.5983606557377049,mass
config large,12,large,42,C1,2,57,0.6457346631749039,0.5657370517928287,0.5932835820895522,0.5916666666666667,0.5419847328244275,mass
config large,12,large,42,C1,3,21,0.6012719563900666,0.5022026431718062,0.5603112840466926,0.57,0.44881889763779526,mass
config large,12,large,42,C1,4,8,0.6505549588256354,0.5661764705882353,0.5785714285714286,0.5539568345323741,0.5789473684210527,mass
config large,12,large,42,C2,0,19,0.7516005909874415,0.6696428571428571,0.7098039215686275,0.75,0.6048387096774194,mass
config large,12,large,42,C2,1,6,0.714440694310511,0.6448979591836734,0.6627906976744186,0.6422764227642277,0.6475409836065574,mass
config large,12,large,42,C2,2,18,0.6384353931019112,0.578125,0.5970149253731343,0.592,0.5648854961832062,mass
config large,12,large,42,C2,3,21,0.6606904906117504,0.5689655172413793,0.6108949416342413,0.6285714285714286,0.5196850393700787,mass
config large,12,large,42,C2,4,46,0.6608869111554397,0.5801526717557252,0.6071428571428571,0.5891472868217055,0.5714285714285714,mass
config large,12,large,42,C3,0,17,0.7370105885249938,0.6666666666666666,0.7058823529411765,0.7425742574257426,0.6048387096774194,mass
config large,12,large,42,C3,1,5,0.6908751205400192,0.6507936507936508,0.6589147286821705,0.6307692307692307,0.6721311475409836,mass
config large,12,large,42,C3,2,45,0.631303281885552,0.5568627450980392,0.5783582089552238,0.5725806451612904,0.5419847328244275,mass
config large,12,large,42,C3,3,9,0.628709872804361,0.5470085470085471,0.5875486381322957,0.5981308411214953,0.5039370078740157,mass
config large,12,large,42,C3,4,6,0.5914786967418546,0.5390625,0.5785714285714286,0.5609756097560976,0.518796992481203,mass
config large,12,large,42,C4,0,8,0.6210293031273084,0.5575221238938053,0.6078431372549019,0.6176470588235294,0.5080645161290323,mass
config large,12,large,42,C4,1,9,0.5127169720347156,0.4732824427480916,0.46511627906976744,0.44285714285714284,0.5081967213114754,mass
config large,12,large,42,C4,2,5,0.5613194405750265,0.5284552845528455,0.5671641791044776,0.5652173913043478,0.4961832061068702,mass
config large,12,large,42,C4,3,9,0.4700181708055724,0.37962962962962965,0.4785992217898833,0.4606741573033708,0.3228346456692913,mass
config large,12,large,42,C4,4,5,0.6426781238811314,0.6285714285714286,0.5821428571428572,0.5439560439560439,0.7443609022556391,mass
config large,12,large,42,C5,0,34,0.5685791676926866,0.4537037037037037,0.5372549019607843,0.532608695652174,0.3951612903225806,mass
config large,12,large,42,C5,1,6,0.5923336547733847,0.5481481481481482,0.5271317829457365,0.5,0.6065573770491803,mass
config large,12,large,42,C5,2,13,0.582771493842982,0.5099601593625498,0.5410447761194029,0.5333333333333333,0.48854961832061067,mass
config large,12,large,42,C5,3,21,0.553785584494246,0.4827586206896552,0.5330739299610895,0.5333333333333333,0.4409448818897638,mass
config large,12,large,42,C5,4,9,0.6006853869367296,0.5461538461538461,0.5785714285714286,0.5590551181102362,0.5338345864661654,mass
config raw,12,raw,42,C1,0,30,0.7121398670278256,0.6772908366533864,0.6823529411764706,0.6692913385826772,0.6854838709677419,mass
config raw,12,raw,42,C1,1,1,0.6943707810993249,0.4838709677419355,0.627906976744186,0.703125,0.36885245901639346,mass
config raw,12,raw,42,C1,2,221,0.648576363737672,0.5758754863813229,0.5932835820895522,0.5873015873015873,0.5648854961832062,mass
config raw,12,raw,42,C1,3,30,0.5792852816474864,0.5271966527196653,0.5603112840466926,0.5625,0.49606299212598426,mass
config raw,12,raw,42,C1,4,33,0.6489693621809626,0.5461254612546126,0.5607142857142857,0.5362318840579711,0.556390977443609,mass
config raw,12,raw,42,C2,0,41,0.7415045555281952,0.669683257918552,0.7137254901960784,0.7628865979381443,0.5967741935483871,mass
config raw,12,raw,42,C2,1,2,0.6756870781099326,0.1076923076923077,0.5503875968992248,0.875,0.05737704918032787,mass
config raw,12,raw,42,C2,2,74,0.6611132779851786,0.5714285714285714,0.5970149253731343,0.5950413223140496,0.549618320610687,mass
config raw,12,raw,42,C2,3,9,0.5640823743185949,0.48034934497816595,0.5369649805447471,0.5392156862745098,0.4330708661417323,mass
config raw,12,raw,42,C2,4,16,0.6528054830954938,0.5747126436781609,0.6035714285714285,0.5859375,0.5639097744360902,mass
config raw,12,raw,42,C3,0,85,0.729069194779611,0.6488888888888888,0.6901960784313725,0.7227722772277227,0.5887096774193549,mass
config raw,12,raw,42,C3,1,1,0.5055448408871746,0.0,0.5271317829457365,0.0,0.0,mass
config raw,12,raw,42,C3,2,21,0.6184877695436564,0.5691699604743083,0.5932835820895522,0.5901639344262295,0.549618320610687,mass
config raw,12,raw,42,C3,3,30,0.5800121138703815,0.5378151260504201,0.5719844357976653,0.5765765765765766,0.5039370078740157,mass
config raw,12,raw,42,C3,4,22,0.644724055035548,0.5671641791044776,0.5857142857142857,0.562962962962963,0.5714285714285714,mass
config raw,12,raw,42,C4,0,168,0.6288475744890422,0.48514851485148514,0.592156862745098,0.6282051282051282,0.3951612903225806,mass
config raw,12,raw,42,C4,1,45,0.5303760848601735,0.4444444444444444,0.49612403100775193,0.4642857142857143,0.4262295081967213,mass
config raw,12,raw,42,C4,2,39,0.5981501086532568,0.5276595744680851,0.585820895522388,0.5961538461538461,0.4732824427480916,mass
config raw,12,raw,42,C4,3,1,0.4608721986674742,0.0,0.5058365758754864,0.0,0.0,mass
config raw,12,raw,42,C4,4,27,0.6498900312004501,0.578125,0.6142857142857143,0.6016260162601627,0.556390977443609,mass
config raw,12,raw,42,C5,0,101,0.5935730115735042,0.5089285714285714,0.5686274509803921,0.57,0.4596774193548387,mass
config raw,12,raw,42,C5,1,73,0.6175265188042429,0.5702479338842975,0.5968992248062015,0.575,0.5655737704918032,mass
config raw,12,raw,42,C5,2,106,0.5721847662561987,0.5658914728682171,0.582089552238806,0.5748031496062992,0.5572519083969466,mass
config raw,12,raw,42,C5,3,52,0.5653543307086615,0.4935064935064935,0.5447470817120622,0.5480769230769231,0.44881889763779526,mass
config raw,12,raw,42,C5,4,22,0.5370569280343718,0.5036496350364964,0.5142857142857142,0.48936170212765956,0.518796992481203,mass
config fixed,12,fixed,42,C1,0,200,0.7256833292292538,0.6347826086956522,0.6705882352941176,0.6886792452830188,0.5887096774193549,mass
config fixed,12,fixed,42,C1,1,200,0.7029893924783028,0.639344262295082,0.6589147286821705,0.639344262295082,0.639344262295082,mass
config fixed,12,fixed,42,C1,2,200,0.6658494455897922,0.6096654275092936,0.6082089552238806,0.5942028985507246,0.6259541984732825,mass
config fixed,12,fixed,42,C1,3,200,0.6444579043004238,0.5643153526970954,0.5914396887159533,0.5964912280701754,0.5354330708661418,mass
config fixed,12,fixed,42,C1,4,200,0.6622167664058105,0.6175438596491228,0.6107142857142858,0.5789473684210527,0.6616541353383458,mass
config fixed,12,fixed,42,C2,0,200,0.7006279241566116,0.6440677966101694,0.6705882352941176,0.6785714285714286,0.6129032258064516,mass
config fixed,12,fixed,42,C2,1,200,0.6788211186113791,0.6349206349206349,0.6434108527131783,0.6153846153846154,0.6557377049180327,mass
config fixed,12,fixed,42,C2,2,200,0.6235582548615368,0.5909090909090909,0.5970149253731343,0.5864661654135338,0.5954198473282443,mass
config fixed,12,fixed,42,C2,3,200,0.6751665657177468,0.6016260162601627,0.6186770428015564,0.6218487394957983,0.5826771653543307,mass
config fixed,12,fixed,42,C2,4,200,0.6507084036622167,0.5992779783393501,0.6035714285714285,0.5763888888888888,0.6240601503759399,mass
config fixed,12,fixed,42,C3,0,200,0.7051834523516375,0.6167400881057269,0.6588235294117647,0.6796116504854369,0.5645161290322581,mass
config fixed,12,fixed,42,C3,1,200,0.6855110896817743,0.6104417670682731,0.624031007751938,0.5984251968503937,0.6229508196721312,mass
config fixed,12,fixed,42,C3,2,200,0.6250069649523596,0.5846153846153846,0.5970149253731343,0.5891472868217055,0.5801526717557252,mass
config fixed,12,fixed,42,C3,3,200,0.6239854633555422,0.5454545454545454,0.5719844357976653,0.5739130434782609,0.5196850393700787,mass
config fixed,12,fixed,42,C3,4,200,0.6561812695002813,0.6153846153846154,0.625,0.6,0.631578947368421,mass
config fixed,12,fixed,42,C4,0,200,0.5626692932775179,0.5106382978723404,0.5490196078431373,0.5405405405405406,0.4838709677419355,mass
config fixed,12,fixed,42,C4,1,200,0.5618370298939247,0.5,0.5348837209302325,0.5084745762711864,0.4918032786885246,mass
config fixed,12,fixed,42,C4,2,200,0.527386192678442,0.49230769230769234,0.5074626865671642,0.49612403100775193,0.48854961832061067,mass
config fixed,12,fixed,42,C4,3,200,0.4597213809812235,0.4279835390946502,0.4591439688715953,0.4482758620689655,0.4094488188976378,mass
config fixed,12,fixed,42,C4,4,200,0.554907677356657,0.5633802816901409,0.5571428571428572,0.5298013245033113,0.6015037593984962,mass
config fixed,12,fixed,42,C5,0,200,0.5390297956168432,0.48034934497816595,0.5333333333333333,0.5238095238095238,0.4435483870967742,mass
config fixed,12,fixed,42,C5,1,200,0.5766634522661525,0.555984555984556,0.5542635658914729,0.5255474452554745,0.5901639344262295,mass
config fixed,12,fixed,42,C5,2,200,0.5649412158020839,0.5461538461538461,0.5597014925373134,0.5503875968992248,0.5419847328244275,mass
config fixed,12,fixed,42,C5,3,200,0.5566929133858267,0.5440613026819924,0.5369649805447471,0.5298507462686567,0.5590551181102362,mass
config fixed,12,fixed,42,C5,4,200,0.5481049562682215,0.5054945054945055,0.5178571428571429,0.4928571428571429,0.518796992481203,mass
seeds,12,base,43,C1,0,85,0.7366439909297052,0.5555555555555556,0.6190476190476191,0.45454545454545453,0.7142857142857143,calcification
seeds,12,base,43,C1,1,4,0.709642857142857,0.5701754385964912,0.6383763837638377,0.49242424242424243,0.6770833333333334,calcification
seeds,12,base,43,C1,2,51,0.7636673313393153,0.6463878326996197,0.7111801242236024,0.5862068965517241,0.7203389830508474,calcification
seeds,12,base,43,C1,3,191,0.7772277227722773,0.6062992125984252,0.6815286624203821,0.5422535211267606,0.6875,calcification
seeds,12,base,43,C1,4,9,0.750199219896825,0.6148148148148148,0.6790123456790124,0.5286624203821656,0.7345132743362832,calcification
seeds,12,base,43,C2,0,25,0.7351020408163266,0.5846153846153846,0.6571428571428571,0.49032258064516127,0.7238095238095238,calcification
seeds,12,base,43,C2,1,11,0.6849404761904762,0.5829596412556054,0.6568265682656826,0.5118110236220472,0.6770833333333334,calcification
seeds,12,base,43,C2,2,30,0.782818212030575,0.6690909090909091,0.717391304347826,0.5859872611464968,0.7796610169491526,calcification
seeds,12,base,43,C2,3,144,0.7879243281471005,0.6224066390041494,0.7101910828025477,0.5813953488372093,0.6696428571428571,calcification
seeds,12,base,43,C2,4,29,0.7640397600973032,0.6263345195729537,0.6759259259259259,0.5238095238095238,0.7787610619469026,calcification
seeds,12,base,43,C3,0,25,0.7250340136054422,0.5214007782101168,0.6095238095238096,0.4407894736842105,0.638095238095238,calcification
seeds,12,base,43,C3,1,11,0.7054761904761905,0.5514018691588785,0.6457564575645757,0.5,0.6145833333333334,calcification
seeds,12,base,43,C3,2,28,0.7475490196078431,0.5577689243027888,0.65527950310559,0.5263157894736842,0.5932203389830508,calcification
seeds,12,base,43,C3,3,43,0.7717910183875529,0.6048387096774194,0.6878980891719745,0.5514705882352942,0.6696428571428571,calcification
seeds,12,base,43,C3,4,15,0.7590487774189489,0.5925925925925926,0.6604938271604939,0.5095541401273885,0.7079646017699115,calcification
seeds,12,base,43,C4,0,11,0.5982766439909297,0.4266666666666667,0.5904761904761905,0.4,0.45714285714285713,calcification
seeds,12,base,43,C4,1,46,0.6558333333333334,0.5098039215686274,0.6309963099630996,0.48148148148148145,0.5416666666666666,calcification
seeds,12,base,43,C4,2,12,0.6848205383848456,0.5378151260504201,0.6583850931677019,0.5333333333333333,0.5423728813559322,calcification
seeds,12,base,43,C4,3,17,0.6419289250353607,0.4744186046511628,0.6401273885350318,0.49514563106796117,0.45535714285714285,calcification
seeds,12,base,43,C4,4,20,0.6187140879922828,0.4497991967871486,0.5771604938271605,0.4117647058823529,0.49557522123893805,calcification
seeds,12,base,43,C5,0,6,0.6039002267573695,0.45569620253164556,0.5904761904761905,0.4090909090909091,0.5142857142857142,calcification
seeds,12,base,43,C5,1,34,0.6991071428571428,0.5862068965517241,0.6457564575645757,0.5,0.7083333333333334,calcification
seeds,12,base,43,C5,2,37,0.6982801595214357,0.5650557620817844,0.6366459627329193,0.5033112582781457,0.6440677966101694,calcification
seeds,12,base,43,C5,3,55,0.6817980905233381,0.5378787878787878,0.6114649681528662,0.46710526315789475,0.6339285714285714,calcification
seeds,12,base,43,C5,4,20,0.609487061191964,0.503448275862069,0.5555555555555556,0.4124293785310734,0.6460176991150443,calcification
seeds,12,base,44,C1,0,160,0.747437641723356,0.587360594795539,0.6476190476190476,0.4817073170731707,0.7523809523809524,calcification
seeds,12,base,44,C1,1,17,0.7030952380952381,0.5627705627705628,0.6273062730627307,0.48148148148148145,0.6770833333333334,calcification
seeds,12,base,44,C1,2,6,0.7619225656364241,0.5939849624060151,0.6645962732919255,0.5337837837837838,0.6694915254237288,calcification
seeds,12,base,44,C1,3,195,0.7668847241867045,0.6209677419354839,0.7006369426751592,0.5661764705882353,0.6875,calcification
seeds,12,base,44,C1,4,14,0.7501992198968251,0.6035087719298246,0.6512345679012346,0.5,0.7610619469026548,calcification
seeds,12,base,44,C2,0,45,0.7616780045351474,0.5966386554621849,0.6952380952380952,0.5338345864661654,0.6761904761904762,calcification
seeds,12,base,44,C2,1,47,0.7319642857142857,0.6063348416289592,0.6789667896678967,0.536,0.6979166666666666,calcification
seeds,12,base,44,C2,2,12,0.7195496842804918,0.6202090592334495,0.6614906832298136,0.5266272189349113,0.7542372881355932,calcification
seeds,12,base,44,C2,3,55,0.821958981612447,0.635593220338983,0.7261146496815286,0.6048387096774194,0.6696428571428571,calcification
seeds,12,base,44,C2,4,38,0.758964895357128,0.6,0.6666666666666666,0.5159235668789809,0.7168141592920354,calcification
seeds,12,base,44,C3,0,55,0.7854875283446713,0.6030534351145038,0.6698412698412698,0.5031847133757962,0.7523809523809524,calcification
seeds,12,base,44,C3,1,26,0.6855952380952381,0.5225225225225225,0.6088560885608856,0.4603174603174603,0.6041666666666666,calcification
seeds,12,base,44,C3,2,52,0.7651213027583915,0.623574144486692,0.6925465838509317,0.5655172413793104,0.6949152542372882,calcification
seeds,12,base,44,C3,3,47,0.7828854314002829,0.6271186440677966,0.7197452229299363,0.5967741935483871,0.6607142857142857,calcification
seeds,12,base,44,C3,4,43,0.739084846705532,0.5703971119133574,0.6327160493827161,0.4817073170731707,0.6991150442477876,calcification
seeds,12,base,44,C4,0,24,0.5876190476190476,0.4339622641509434,0.6190476190476191,0.42990654205607476,0.4380952380952381,calcification
seeds,12,base,44,C4,1,21,0.6401785714285715,0.45454545454545453,0.6457564575645757,0.5,0.4166666666666667,calcification
seeds,12,base,44,C4,2,9,0.6947490860751079,0.5175438596491229,0.6583850931677019,0.5363636363636364,0.5,calcification
seeds,12,base,44,C4,3,36,0.6234087694483734,0.45662100456621,0.6210191082802548,0.4672897196261682,0.44642857142857145,calcification
seeds,12,base,44,C4,4,26,0.6063414838736736,0.4117647058823529,0.5679012345679012,0.392,0.4336283185840708,calcification
seeds,12,base,44,C5,0,18,0.663718820861678,0.5188284518828452,0.6349206349206349,0.4626865671641791,0.5904761904761905,calcification
seeds,12,base,44,C5,1,31,0.7075,0.5570776255707762,0.6420664206642066,0.4959349593495935,0.6354166666666666,calcification
seeds,12,base,44,C5,2,9,0.6162346294449983,0.46153846153846156,0.5652173913043478,0.4225352112676056,0.5084745762711864,calcification
seeds,12,base,44,C5,3,15,0.7010696605374822,0.5145631067961165,0.6815286624203821,0.5638297872340425,0.4732142857142857,calcification
seeds,12,base,44,C5,4,38,0.6355324413874093,0.5147058823529411,0.5925925925925926,0.44025157232704404,0.6194690265486725,calcification
seeds,12,base,45,C1,0,42,0.7383219954648527,0.5490196078431373,0.6349206349206349,0.4666666666666667,0.6666666666666666,calcification
seeds,12,base,45,C1,1,181,0.7214880952380952,0.6101694915254238,0.6605166051660517,0.5142857142857142,0.75,calcification
seeds,12,base,45,C1,2,161,0.7809072781655034,0.6846153846153846,0.7453416149068323,0.6267605633802817,0.7542372881355932,calcification
seeds,12,base,45,C1,3,117,0.7745314710042434,0.625,0.6942675159235668,0.5555555555555556,0.7142857142857143,calcification
seeds,12,base,45,C1,4,51,0.7369458541290944,0.581081081081081,0.6172839506172839,0.46994535519125685,0.7610619469026548,calcification
seeds,12,base,45,C2,0,132,0.7699773242630386,0.5614035087719298,0.6825396825396826,0.5203252032520326,0.6095238095238096,calcification
seeds,12,base,45,C2,1,102,0.7297023809523809,0.5871559633027523,0.6678966789667896,0.5245901639344263,0.6666666666666666,calcification
seeds,12,base,45,C2,2,100,0.8025506812894649,0.7014925373134329,0.7515527950310559,0.6266666666666667,0.7966101694915254,calcification
seeds,12,base,45,C2,3,99,0.8109087694483735,0.6557377049180327,0.732484076433121,0.6060606060606061,0.7142857142857143,calcification
seeds,12,base,45,C2,4,47,0.7819485802961037,0.6086956521739131,0.6666666666666666,0.5153374233128835,0.7433628318584071,calcification
seeds,12,base,45,C3,0,80,0.7571428571428571,0.5868725868725869,0.6603174603174603,0.4935064935064935,0.7238095238095238,calcification
seeds,12,base,45,C3,1,61,0.7120833333333333,0.5934959349593496,0.6309963099630996,0.4866666666666667,0.7604166666666666,calcification
seeds,12,base,45,C3,2,71,0.7716018610834164,0.6420664206642066,0.6987577639751553,0.5686274509803921,0.7372881355932204,calcification
seeds,12,base,45,C3,3,39,0.7964992927864215,0.6459143968871596,0.7101910828025477,0.5724137931034483,0.7410714285714286,calcification
seeds,12,base,45,C3,4,24,0.7408883110346852,0.5625,0.6111111111111112,0.46285714285714286,0.7168141592920354,calcification
seeds,12,base,45,C4,0,74,0.5932879818594105,0.4020100502512563,0.6222222222222222,0.425531914893617,0.38095238095238093,calcification
seeds,12,base,45,C4,1,37,0.6304761904761905,0.4577114427860697,0.5977859778597786,0.4380952380952381,0.4791666666666667,calcification
seeds,12,base,45,C4,2,16,0.6637587238285145,0.4636363636363636,0.6335403726708074,0.5,0.4322033898305085,calcification
seeds,12,base,45,C4,3,35,0.6197842998585572,0.46296296296296297,0.6305732484076433,0.4807692307692308,0.44642857142857145,calcification
seeds,12,base,45,C4,4,6,0.5824770372855765,0.4752475247524752,0.5092592592592593,0.37894736842105264,0.6371681415929203,calcification
seeds,12,base,45,C5,0,74,0.6496145124716554,0.4860557768924303,0.5904761904761905,0.4178082191780822,0.580952380952381,calcification
seeds,12,base,45,C5,1,37,0.666547619047619,0.551440329218107,0.5977859778597786,0.4557823129251701,0.6979166666666666,calcification
seeds,12,base,45,C5,2,42,0.6843635759388501,0.5509433962264151,0.6304347826086957,0.4965986394557823,0.6186440677966102,calcification
seeds,12,base,45,C5,3,16,0.6692450495049505,0.5118110236220472,0.6050955414012739,0.45774647887323944,0.5803571428571429,calcification
seeds,12,base,45,C5,4,65,0.592542884704106,0.4674329501915709,0.5709876543209876,0.41216216216216217,0.5398230088495575,calcification
seeds,12,base,46,C1,0,5,0.7239002267573696,0.5210084033613446,0.638095238095238,0.46616541353383456,0.5904761904761905,calcification
seeds,12,base,46,C1,1,9,0.7193452380952381,0.5648148148148148,0.6531365313653137,0.5083333333333333,0.6354166666666666,calcification
seeds,12,base,46,C1,2,82,0.7752160186108341,0.6523297491039427,0.6987577639751553,0.5652173913043478,0.7711864406779662,calcification
seeds,12,base,46,C1,3,81,0.7819572135785007,0.627906976744186,0.6942675159235668,0.5547945205479452,0.7232142857142857,calcification
seeds,12,base,46,C1,4,27,0.7594681877280544,0.6133333333333333,0.6419753086419753,0.4919786096256685,0.8141592920353983,calcification
seeds,12,base,46,C2,0,14,0.753968253968254,0.576,0.6634920634920635,0.496551724137931,0.6857142857142857,calcification
seeds,12,base,46,C2,1,53,0.7025595238095238,0.5741626794258373,0.6715867158671587,0.5309734513274337,0.625,calcification
seeds,12,base,46,C2,2,20,0.7519109338650716,0.6618705035971223,0.7080745341614907,0.575,0.7796610169491526,calcification
seeds,12,base,46,C2,3,24,0.8010961810466761,0.6333333333333333,0.7197452229299363,0.59375,0.6785714285714286,calcification
seeds,12,base,46,C2,4,51,0.7846328062743783,0.6503496503496503,0.691358024691358,0.5375722543352601,0.8230088495575221,calcification
seeds,12,base,46,C3,0,13,0.7431746031746032,0.5681818181818182,0.638095238095238,0.4716981132075472,0.7142857142857143,calcification
seeds,12,base,46,C3,1,22,0.6736309523809525,0.5454545454545454,0.6125461254612546,0.4666666666666667,0.65625,calcification
seeds,12,base,46,C3,2,82,0.7738866733133931,0.6159695817490495,0.6863354037267081,0.5586206896551724,0.6864406779661016,calcification
seeds,12,base,46,C3,3,36,0.7840346534653465,0.6190476190476191,0.6942675159235668,0.5571428571428572,0.6964285714285714,calcification
seeds,12,base,46,C3,4,23,0.7384137902109634,0.5878378378378378,0.6234567901234568,0.47540983606557374,0.7699115044247787,calcification
seeds,12,base,46,C4,0,34,0.5977777777777777,0.415929203539823,0.580952380952381,0.3884297520661157,0.44761904761904764,calcification
seeds,12,base,46,C4,1,15,0.6229166666666667,0.45901639344262296,0.6346863468634686,0.4827586206896552,0.4375,calcification
seeds,12,base,46,C4,2,17,0.6530824194084413,0.4851063829787234,0.6242236024844721,0.48717948717948717,0.4830508474576271,calcification
seeds,12,base,46,C4,3,47,0.6297294908062234,0.4622222222222222,0.6146496815286624,0.46017699115044247,0.4642857142857143,calcification
seeds,12,base,46,C4,4,15,0.6239986578870108,0.5019305019305019,0.6018518518518519,0.4452054794520548,0.5752212389380531,calcification
seeds,12,base,46,C5,0,11,0.6675736961451247,0.5080645161290323,0.6126984126984127,0.4405594405594406,0.6,calcification
seeds,12,base,46,C5,1,22,0.6951785714285714,0.5872340425531914,0.6420664206642066,0.49640287769784175,0.71875,calcification
seeds,12,base,46,C5,2,19,0.6889747424393486,0.5827338129496403,0.639751552795031,0.50625,0.6864406779661016,calcification
seeds,12,base,46,C5,3,17,0.6982850070721357,0.5647058823529412,0.6464968152866242,0.5034965034965035,0.6428571428571429,calcification
seeds,12,base,46,C5,4,23,0.6023990269680829,0.5117845117845118,0.5524691358024691,0.41304347826086957,0.672566371681416,calcification
config small,12,small,42,C1,0,53,0.7396371882086168,0.5411764705882353,0.6285714285714286,0.46,0.6571428571428571,calcification
config small,12,small,42,C1,1,53,0.6807738095238095,0.5291479820627802,0.6125461254612546,0.4645669291338583,0.6145833333333334,calcification
config small,12,small,42,C1,2,19,0.7573529411764706,0.6293706293706294,0.6708074534161491,0.5357142857142857,0.7627118644067796,calcification
config small,12,small,42,C1,3,18,0.7912393917963224,0.639344262295082,0.7197452229299363,0.5909090909090909,0.6964285714285714,calcification
config small,12,small,42,C1,4,34,0.7459631757748604,0.6048109965635738,0.6450617283950617,0.4943820224719101,0.7787610619469026,calcification
config small,12,small,42,C2,0,47,0.7603628117913832,0.5714285714285714,0.6571428571428571,0.4897959183673469,0.6857142857142857,calcification
config small,12,small,42,C2,1,34,0.6940476190476191,0.5566037735849056,0.6531365313653137,0.5086206896551724,0.6145833333333334,calcification
config small,12,small,42,C2,2,39,0.7674476570289133,0.6573426573426573,0.6956521739130435,0.5595238095238095,0.7966101694915254,calcification
config small,12,small,42,C2,3,34,0.7521216407355021,0.6244725738396625,0.7165605095541401,0.592,0.6607142857142857,calcification
config small,12,small,42,C2,4,63,0.7611038879335654,0.6105263157894737,0.6574074074074074,0.5058139534883721,0.7699115044247787,calcification
config small,12,small,42,C3,0,40,0.7477097505668934,0.5833333333333334,0.6507936507936508,0.48427672955974843,0.7333333333333333,calcification
config small,12,small,42,C3,1,24,0.6849404761904762,0.5701754385964912,0.6383763837638377,0.49242424242424243,0.6770833333333334,calcification
config small,12,small,42,C3,2,37,0.7583499501495514,0.624113475177305,0.6708074534161491,0.5365853658536586,0.7457627118644068,calcification
config small,12,small,42,C3,3,34,0.7815594059405941,0.6212121212121212,0.6815286624203821,0.5394736842105263,0.7321428571428571,calcification
config small,12,small,42,C3,4,21,0.7401333724782955,0.5734767025089605,0.6327160493827161,0.4819277108433735,0.7079646017699115,calcification
config small,12,small,42,C4,0,53,0.6035374149659865,0.45414847161572053,0.6031746031746031,0.41935483870967744,0.49523809523809526,calcification
config small,12,small,42,C4,1,62,0.6313690476190477,0.45595854922279794,0.6125461254612546,0.4536082474226804,0.4583333333333333,calcification
config small,12,small,42,C4,2,31,0.6937936191425723,0.5411764705882353,0.6366459627329193,0.5036496350364964,0.5847457627118644,calcification
config small,12,small,42,C4,3,47,0.6198727015558698,0.45901639344262296,0.5796178343949044,0.42424242424242425,0.5,calcification
config small,12,small,42,C4,4,9,0.6288218764417228,0.5396825396825397,0.46296296296296297,0.3849056603773585,0.9026548672566371,calcification
config small,12,small,42,C5,0,52,0.664671201814059,0.5393258426966292,0.6095238095238096,0.4444444444444444,0.6857142857142857,calcification
config small,12,small,42,C5,1,53,0.6621428571428571,0.5126050420168067,0.5719557195571956,0.4295774647887324,0.6354166666666666,calcification
config small,12,small,42,C5,2,59,0.6930043203722167,0.5886524822695035,0.639751552795031,0.5060975609756098,0.7033898305084746,calcification
config small,12,small,42,C5,3,53,0.6982408062234795,0.5627376425855514,0.6337579617834395,0.4900662251655629,0.6607142857142857,calcification
config small,12,small,42,C5,4,30,0.6167009185085768,0.5185185185185185,0.558641975308642,0.41847826086956524,0.6814159292035398,calcification
config large,12,large,42,C1,0,47,0.7517913832199546,0.592057761732852,0.6412698412698413,0.47674418604651164,0.780952380952381,calcification
config large,12,large,42,C1,1,31,0.6936309523809523,0.5529953917050692,0.6420664206642066,0.49586776859504134,0.625,calcification
config large,12,large,42,C1,2,83,0.7764622798271852,0.6691729323308271,0.7267080745341615,0.6013513513513513,0.7542372881355932,calcification
config large,12,large,42,C1,3,5,0.787128712871287,0.6307053941908713,0.7165605095541401,0.5891472868217055,0.6785714285714286,calcification
config large,12,large,42,C1,4,10,0.7481441093822085,0.6064981949458483,0.6635802469135802,0.5121951219512195,0.7433628318584071,calcification
config large,12,large,42,C2,0,17,0.7489795918367347,0.5882352941176471,0.6666666666666666,0.5,0.7142857142857143,calcification
config large,12,large,42,C2,1,12,0.6802380952380952,0.5446009389671361,0.6420664206642066,0.49572649572649574,0.6041666666666666,calcification
config large,12,large,42,C2,2,11,0.7549850448654039,0.6472727272727272,0.6987577639751553,0.5668789808917197,0.7542372881355932,calcification
config large,12,large,42,C2,3,33,0.8224893917963224,0.6557377049180327,0.732484076433121,0.6060606060606061,0.7142857142857143,calcification
config large,12,large,42,C2,4,8,0.7731409638048903,0.6304347826086957,0.6851851851851852,0.5337423312883436,0.7699115044247787,calcification
config large,12,large,42,C3,0,17,0.750748299319728,0.5942028985507246,0.6444444444444445,0.47953216374269003,0.780952380952381,calcification
config large,12,large,42,C3,1,12,0.6933333333333334,0.5471698113207547,0.6457564575645757,0.5,0.6041666666666666,calcification
config large,12,large,42,C3,2,37,0.7701063476237953,0.6240601503759399,0.6894409937888198,0.5608108108108109,0.7033898305084746,calcification
config large,12,large,42,C3,3,34,0.7675477369165488,0.6137184115523465,0.6592356687898089,0.5151515151515151,0.7589285714285714,calcification
config large,12,large,42,C3,4,8,0.7414335444365222,0.5765124555160143,0.6327160493827161,0.48214285714285715,0.7168141592920354,calcification
config large,12,large,42,C4,0,29,0.6059863945578232,0.4343891402714932,0.6031746031746031,0.41379310344827586,0.45714285714285713,calcification
config large,12,large,42,C4,1,19,0.6246428571428572,0.4648648648648649,0.6346863468634686,0.48314606741573035,0.4479166666666667,calcification
config large,12,large,42,C4,2,30,0.6864406779661018,0.5378787878787878,0.6211180124223602,0.4863013698630137,0.6016949152542372,calcification
config large,12,large,42,C4,3,17,0.6070102545968883,0.4375,0.5987261146496815,0.4375,0.4375,calcification
config large,12,large,42,C4,4,4,0.6388877238602524,0.5247813411078717,0.49691358024691357,0.391304347826087,0.7964601769911505,calcification
config large,12,large,42,C5,0,40,0.6789569160997733,0.5344129554655871,0.6349206349206349,0.4647887323943662,0.6285714285714286,calcification
config large,12,large,42,C5,1,48,0.6541666666666666,0.46601941747572817,0.5940959409594095,0.43636363636363634,0.5,calcification
config large,12,large,42,C5,2,21,0.678838484546361,0.5460750853242321,0.5869565217391305,0.45714285714285713,0.6779661016949152,calcification
config large,12,large,42,C5,3,34,0.7050035360678925,0.5579710144927537,0.6114649681528662,0.4695121951219512,0.6875,calcification
config large,12,large,42,C5,4,13,0.6195948496414042,0.5252525252525253,0.5648148148148148,0.42391304347826086,0.6902654867256637,calcification
config raw,12,raw,42,C1,0,52,0.754920634920635,0.5776173285198556,0.6285714285714286,0.46511627906976744,0.7619047619047619,calcification
config raw,12,raw,42,C1,1,12,0.7026785714285714,0.5660377358490566,0.6605166051660517,0.5172413793103449,0.625,calcification
config raw,12,raw,42,C1,2,99,0.7687770023263543,0.6289752650176679,0.6739130434782609,0.5393939393939394,0.7542372881355932,calcification
config raw,12,raw,42,C1,3,13,0.792211810466761,0.6196078431372549,0.6910828025477707,0.5524475524475524,0.7053571428571429,calcification
config raw,12,raw,42,C1,4,8,0.7461309398985027,0.6285714285714286,0.6790123456790124,0.5269461077844312,0.7787610619469026,calcification
config raw,12,raw,42,C2,0,47,0.7518820861678005,0.5767790262172284,0.6412698412698413,0.47530864197530864,0.7333333333333333,calcification
config raw,12,raw,42,C2,1,12,0.6989285714285713,0.5581395348837209,0.6494464944649446,0.5042016806722689,0.625,calcification
config raw,12,raw,42,C2,2,37,0.7545696244599536,0.6344827586206897,0.6708074534161491,0.5348837209302325,0.7796610169491526,calcification
config raw,12,raw,42,C2,3,10,0.7901785714285714,0.5982905982905983,0.7006369426751592,0.5737704918032787,0.625,calcification
config raw,12,raw,42,C2,4,9,0.7510799815459465,0.6245353159851301,0.6882716049382716,0.5384615384615384,0.7433628318584071,calcification
config raw,12,raw,42,C3,0,52,0.7446258503401361,0.5572519083969466,0.6317460317460317,0.46496815286624205,0.6952380952380952,calcification
config raw,12,raw,42,C3,1,34,0.6949404761904763,0.5333333333333333,0.6383763837638377,0.49122807017543857,0.5833333333333334,calcification
config raw,12,raw,42,C3,2,27,0.7558989697573946,0.6170212765957447,0.6645962732919255,0.5304878048780488,0.7372881355932204,calcification
config raw,12,raw,42,C3,3,34,0.7740010608203677,0.625,0.6751592356687898,0.53125,0.7589285714285714,calcification
config raw,12,raw,42,C3,4,17,0.742649834332928,0.6029411764705882,0.6666666666666666,0.5157232704402516,0.7256637168141593,calcification
config raw,12,raw,42,C4,0,247,0.5820861678004535,0.42424242424242425,0.5777777777777777,0.3888888888888889,0.4666666666666667,calcification
config raw,12,raw,42,C4,1,99,0.626904761904762,0.46060606060606063,0.6715867158671587,0.5507246376811594,0.3958333333333333,calcification
config raw,12,raw,42,C4,2,106,0.6944998338318379,0.5350877192982456,0.6708074534161491,0.5545454545454546,0.5169491525423728,calcification
config raw,12,raw,42,C4,3,119,0.6218175388967468,0.4921875,0.5859872611464968,0.4375,0.5625,calcification
config raw,12,raw,42,C4,4,21,0.6209369626305414,0.47058823529411764,0.6388888888888888,0.48148148148148145,0.46017699115044247,calcification
config raw,12,raw,42,C5,0,152,0.6443083900226758,0.4940239043824701,0.5968253968253968,0.4246575342465753,0.5904761904761905,calcification
config raw,12,raw,42,C5,1,99,0.6552380952380952,0.5118483412322274,0.6199261992619927,0.46956521739130436,0.5625,calcification
config raw,12,raw,42,C5,2,94,0.6656696576935859,0.5671641791044776,0.639751552795031,0.5066666666666667,0.6440677966101694,calcification
config raw,12,raw,42,C5,3,118,0.7045615275813297,0.5934065934065934,0.6464968152866242,0.5031055900621118,0.7232142857142857,calcification
config raw,12,raw,42,C5,4,32,0.6169945057249507,0.5117845117845118,0.5524691358024691,0.41304347826086957,0.672566371681416,calcification
config fixed,12,fixed,42,C1,0,200,0.7584580498866212,0.59375,0.6698412698412698,0.5033112582781457,0.7238095238095238,calcification
config fixed,12,fixed,42,C1,1,200,0.7141071428571428,0.5964912280701754,0.6605166051660517,0.5151515151515151,0.7083333333333334,calcification
config fixed,12,fixed,42,C1,2,200,0.7720588235294118,0.6771653543307087,0.7453416149068323,0.6323529411764706,0.7288135593220338,calcification
config fixed,12,fixed,42,C1,3,200,0.7781559405940593,0.6612244897959184,0.7356687898089171,0.6090225563909775,0.7232142857142857,calcification
config fixed,12,fixed,42,C1,4,200,0.7450824141257392,0.6036363636363636,0.6635802469135802,0.5123456790123457,0.7345132743362832,calcification
config fixed,12,fixed,42,C2,0,200,0.7351020408163265,0.5725806451612904,0.6634920634920635,0.4965034965034965,0.6761904761904762,calcification
config fixed,12,fixed,42,C2,1,200,0.7125595238095239,0.5619047619047619,0.6605166051660517,0.5175438596491229,0.6145833333333334,calcification
config fixed,12,fixed,42,C2,2,200,0.8193336656696577,0.6923076923076923,0.7515527950310559,0.6338028169014085,0.7627118644067796,calcification
config fixed,12,fixed,42,C2,3,200,0.7782001414427158,0.5872340425531914,0.6910828025477707,0.5609756097560976,0.6160714285714286,calcification
config fixed,12,fixed,42,C2,4,200,0.718407918466636,0.5660377358490566,0.6450617283950617,0.4934210526315789,0.6637168141592921,calcification
config fixed,12,fixed,42,C3,0,200,0.73578231292517,0.5665236051502146,0.6793650793650794,0.515625,0.6285714285714286,calcification
config fixed,12,fixed,42,C3,1,200,0.7066666666666667,0.5932203389830508,0.6457564575645757,0.5,0.7291666666666666,calcification
config fixed,12,fixed,42,C3,2,200,0.7323861748089066,0.6016260162601627,0.6956521739130435,0.578125,0.6271186440677966,calcification
config fixed,12,fixed,42,C3,3,200,0.7638790664780764,0.6094420600858369,0.7101910828025477,0.5867768595041323,0.6339285714285714,calcification
config fixed,12,fixed,42,C3,4,200,0.7416432495910749,0.6039215686274509,0.6882716049382716,0.5422535211267606,0.6814159292035398,calcification
config fixed,12,fixed,42,C4,0,200,0.6208616780045352,0.45217391304347826,0.6,0.416,0.49523809523809526,calcification
config fixed,12,fixed,42,C4,1,200,0.6323214285714285,0.5047619047619047,0.6162361623616236,0.4649122807017544,0.5520833333333334,calcification
config fixed,12,fixed,42,C4,2,200,0.6093801927550682,0.472,0.5900621118012422,0.44696969696969696,0.5,calcification
config fixed,12,fixed,42,C4,3,200,0.5754066478076378,0.4315352697095436,0.5636942675159236,0.40310077519379844,0.4642857142857143,calcification
config fixed,12,fixed,42,C4,4,200,0.5438912888478799,0.4,0.5462962962962963,0.3712121212121212,0.4336283185840708,calcification
config fixed,12,fixed,42,C5,0,200,0.6128798185941045,0.43859649122807015,0.5936507936507937,0.4065040650406504,0.47619047619047616,calcification
config fixed,12,fixed,42,C5,1,200,0.5820238095238095,0.43317972350230416,0.5461254612546126,0.3884297520661157,0.4895833333333333,calcification
config fixed,12,fixed,42,C5,2,200,0.6795446992356262,0.59375,0.6770186335403726,0.5507246376811594,0.6440677966101694,calcification
config fixed,12,fixed,42,C5,3,200,0.6780852192362093,0.512396694214876,0.6242038216560509,0.47692307692307695,0.5535714285714286,calcification
config fixed,12,fixed,42,C5,4,200,0.6039508451117729,0.4645669291338583,0.5802469135802469,0.41843971631205673,0.5221238938053098,calcification
