k,measured,seconds_per_state,state_GiB,embedding_hours,kernel_compute_uncompute_hours,kernel_statevector_memory_GiB,training_A_hours_per_map
8,True,0.0012356670004010086,3.814697265625e-06,0.002449366587461555,0.01366098517110004,0.000762939453125,1.6220188825263906
9,False,0.0015166052753732965,7.62939453125e-06,0.0030062486791844014,0.016766913877738113,0.00152587890625,2.232105941954965
10,True,0.0018614170003274917,1.52587890625e-05,0.0036897421428713833,0.020578999059176158,0.0030517578125,3.0357643034229915
11,False,0.002334124007759794,3.0517578125e-05,0.004626752477603859,0.02580503764134439,0.006103515625,4.178081973890031
12,True,0.00292687500041211,6.103515625e-05,0.00580171666748356,0.03235822917122277,0.01220703125,5.704804584136581
13,False,0.0043746422847746715,0.0001220703125,0.008671513151153349,0.048364100815008866,0.0244140625,9.222718079034957
14,True,0.006538542000271264,0.000244140625,0.01296084325387104,0.07228721433633231,0.048828125,14.825054228615047
15,False,0.01511549477758165,0.00048828125,0.029962269648006294,0.1671101922632638,0.09765625,36.676908328092004
16,True,0.03494329200020729,0.0009765625,0.06926536992041091,0.38631750600229176,0.1953125,90.34782276053596
17,False,0.061188666466256696,0.001953125,0.12128953441755772,0.6764747014880601,0.390625,167.94249322771924
18,True,0.1071465420000095,0.00390625,0.2123882565866855,1.1845645476667717,0.78125,311.12974762536095
19,False,0.2050501995590752,0.0078125,0.40645506223710015,2.2669438729031093,1.5625,628.0459778939407
20,True,0.3924119580005936,0.015625,0.7778477034145099,4.338332202339895,3.125,1264.3513286779125
21,False,0.6995505710831409,0.03125,1.386664687569248,7.73392020253028,6.25,2365.258208673331
22,True,1.2470848339999066,0.0625,2.471999270950926,13.787215664776745,12.5,4414.9574423227805
23,False,2.2705240390689436,0.125,4.500683206332217,25.1019046541511,25.0,8399.425261862378
24,True,4.133864250000442,0.25,8.194237580000875,45.70216587500488,50.0,15950.285549501705
25,False,7.538706027602821,0.5,14.943390614714925,83.3445833051645,100.0,30287.170282895866
26,True,13.747932959000535,1.0,27.25145822095217,151.99103660228369,200.0,57420.53332542557
27,False,32.06287035086111,2.0,63.55573411770691,354.47284443452,400.0,139017.48075903358
28,True,74.7768888749997,4.0,148.22441083666607,826.7000492291634,800.0,336113.8069499153
29,False,115.9305188099876,8.0,229.80005061890876,1281.6762912881961,1600.0,539540.6345416823
30,False,220.9618847679966,16.0,437.9955582512288,2442.856392712851,3200.0,1063514.1027088973
31,False,421.15014252846595,32.0,834.8131714119814,4656.048797953596,6400.0,2094052.0975720945
32,False,802.7060537521128,64.0,1591.1417776597436,8874.361372037247,12800.0,4118952.330486675
33,False,1529.9460778093844,128.0,3032.6931142354906,16914.40386022597,25600.0,8094094.727646226
34,False,2916.0549992901465,256.0,5780.269020815134,32238.60804770773,51200.0,15891203.721687168
35,False,5557.95846809216,512.0,11017.10878564046,61446.318619463316,102400.0,31172736.394706227
36,False,10593.388101581506,1024.0,20998.44930357934,117115.79067859554,204800.0,61100308.483677335
37,False,20190.843835011416,2048.0,40022.73933517819,223220.99573151508,409600.0,119668887.98301989
38,False,38483.45504390202,4096.0,76282.75977591245,425455.97520758345,819200.0,234210307.39718768
39,False,73348.90627740808,8192.0,145393.83199877336,810912.9082891227,1638400.0,458072069.58088875
40,False,139801.94984973103,16384.0,277118.53170213354,1545588.223338693,3276800.0,895322753.937644
