finding_type,k,sample,metric,classification,rho,p_exact_two_sided,separability_ranks,classification_ranks,classical_first_separability,classical_first_classification,primary
mass,12,subsample,Davies-Bouldin,test AUC,0.7181848464596079,0.16666666666666666,C1:1.5 C2:1.5 C3:3 C4:4 C5:5,C1:1 C2:3 C3:2 C4:5 C5:4,True,True,True
mass,12,subsample,Davies-Bouldin,CV AUC,0.8207826816681233,0.13333333333333333,C1:1.5 C2:1.5 C3:3 C4:4 C5:5,C1:1 C2:3 C3:2 C4:4 C5:5,True,True,False
mass,12,subsample,Fisher J,test AUC,0.8207826816681233,0.13333333333333333,C1:2.5 C2:2.5 C3:1 C4:5 C5:4,C1:1 C2:3 C3:2 C4:5 C5:4,True,True,True
mass,12,subsample,Fisher J,CV AUC,0.7181848464596079,0.16666666666666666,C1:2.5 C2:2.5 C3:1 C4:5 C5:4,C1:1 C2:3 C3:2 C4:4 C5:5,True,True,False
mass,12,subsample,linear KTA,test AUC,0.7181848464596079,0.16666666666666666,C1:1.5 C2:1.5 C3:3 C4:4 C5:5,C1:1 C2:3 C3:2 C4:5 C5:4,True,True,True
mass,12,subsample,linear KTA,CV AUC,0.8207826816681233,0.13333333333333333,C1:1.5 C2:1.5 C3:3 C4:4 C5:5,C1:1 C2:3 C3:2 C4:4 C5:5,True,True,False
mass,12,full train,Davies-Bouldin,test AUC,0.7181848464596079,0.16666666666666666,C1:1.5 C2:1.5 C3:3 C4:4 C5:5,C1:1 C2:3 C3:2 C4:5 C5:4,True,True,False
mass,12,full train,Davies-Bouldin,CV AUC,0.8207826816681233,0.13333333333333333,C1:1.5 C2:1.5 C3:3 C4:4 C5:5,C1:1 C2:3 C3:2 C4:4 C5:5,True,True,False
mass,12,full train,Fisher J,test AUC,0.8207826816681233,0.13333333333333333,C1:1.5 C2:1.5 C3:3 C4:5 C5:4,C1:1 C2:3 C3:2 C4:5 C5:4,True,True,False
mass,12,full train,Fisher J,CV AUC,0.7181848464596079,0.16666666666666666,C1:1.5 C2:1.5 C3:3 C4:5 C5:4,C1:1 C2:3 C3:2 C4:4 C5:5,True,True,False
mass,12,full train,linear KTA,test AUC,0.7181848464596079,0.16666666666666666,C1:1.5 C2:1.5 C3:3 C4:4 C5:5,C1:1 C2:3 C3:2 C4:5 C5:4,True,True,False
mass,12,full train,linear KTA,CV AUC,0.8207826816681233,0.13333333333333333,C1:1.5 C2:1.5 C3:3 C4:4 C5:5,C1:1 C2:3 C3:2 C4:4 C5:5,True,True,False
calcification,12,subsample,Davies-Bouldin,test AUC,0.9746794344808964,0.03333333333333333,C1:1.5 C2:1.5 C3:3 C4:5 C5:4,C1:2 C2:1 C3:3 C4:5 C5:4,True,True,True
calcification,12,subsample,Davies-Bouldin,CV AUC,0.9746794344808964,0.03333333333333333,C1:1.5 C2:1.5 C3:3 C4:5 C5:4,C1:2 C2:1 C3:3 C4:5 C5:4,True,True,False
calcification,12,subsample,Fisher J,test AUC,0.6668859288553501,0.26666666666666666,C1:2.5 C2:2.5 C3:1 C4:5 C5:4,C1:2 C2:1 C3:3 C4:5 C5:4,True,True,True
calcification,12,subsample,Fisher J,CV AUC,0.6668859288553501,0.26666666666666666,C1:2.5 C2:2.5 C3:1 C4:5 C5:4,C1:2 C2:1 C3:3 C4:5 C5:4,True,True,False
calcification,12,subsample,linear KTA,test AUC,0.9746794344808964,0.03333333333333333,C1:1.5 C2:1.5 C3:3 C4:5 C5:4,C1:2 C2:1 C3:3 C4:5 C5:4,True,True,True
calcification,12,subsample,linear KTA,CV AUC,0.9746794344808964,0.03333333333333333,C1:1.5 C2:1.5 C3:3 C4:5 C5:4,C1:2 C2:1 C3:3 C4:5 C5:4,True,True,False
calcification,12,full train,Davies-Bouldin,test AUC,0.8720815992723809,0.1,C1:1.5 C2:1.5 C3:3 C4:4 C5:5,C1:2 C2:1 C3:3 C4:5 C5:4,True,True,False
calcification,12,full train,Davies-Bouldin,CV AUC,0.8720815992723809,0.1,C1:1.5 C2:1.5 C3:3 C4:4 C5:5,C1:2 C2:1 C3:3 C4:5 C5:4,True,True,False
calcification,12,full train,Fisher J,test AUC,0.8720815992723809,0.1,C1:1.5 C2:1.5 C3:3 C4:4 C5:5,C1:2 C2:1 C3:3 C4:5 C5:4,True,True,False
calcification,12,full train,Fisher J,CV AUC,0.8720815992723809,0.1,C1:1.5 C2:1.5 C3:3 C4:4 C5:5,C1:2 C2:1 C3:3 C4:5 C5:4,True,True,False
calcification,12,full train,linear KTA,test AUC,0.8720815992723809,0.1,C1:1.5 C2:1.5 C3:3 C4:4 C5:5,C1:2 C2:1 C3:3 C4:5 C5:4,True,True,False
calcification,12,full train,linear KTA,CV AUC,0.8720815992723809,0.1,C1:1.5 C2:1.5 C3:3 C4:4 C5:5,C1:2 C2:1 C3:3 C4:5 C5:4,True,True,False
mass,8,subsample,Davies-Bouldin,test AUC,0.8207826816681233,0.13333333333333333,C1:1.5 C2:1.5 C3:3 C4:5 C5:4,C1:3 C2:1 C3:2 C4:5 C5:4,True,True,False
mass,8,subsample,Davies-Bouldin,CV AUC,0.6668859288553501,0.26666666666666666,C1:1.5 C2:1.5 C3:3 C4:5 C5:4,C1:2 C2:3 C3:1 C4:5 C5:4,True,True,False
mass,8,subsample,Fisher J,test AUC,0.8207826816681233,0.13333333333333333,C1:2.5 C2:2.5 C3:1 C4:5 C5:4,C1:3 C2:1 C3:2 C4:5 C5:4,True,True,False
mass,8,subsample,Fisher J,CV AUC,0.9746794344808964,0.03333333333333333,C1:2.5 C2:2.5 C3:1 C4:5 C5:4,C1:2 C2:3 C3:1 C4:5 C5:4,True,True,False
mass,8,subsample,linear KTA,test AUC,0.8207826816681233,0.13333333333333333,C1:1.5 C2:1.5 C3:3 C4:5 C5:4,C1:3 C2:1 C3:2 C4:5 C5:4,True,True,False
mass,8,subsample,linear KTA,CV AUC,0.6668859288553501,0.26666666666666666,C1:1.5 C2:1.5 C3:3 C4:5 C5:4,C1:2 C2:3 C3:1 C4:5 C5:4,True,True,False
mass,8,full train,Davies-Bouldin,test AUC,0.8207826816681233,0.13333333333333333,C1:1.5 C2:1.5 C3:3 C4:5 C5:4,C1:3 C2:1 C3:2 C4:5 C5:4,True,True,False
mass,8,full train,Davies-Bouldin,CV AUC,0.6668859288553501,0.26666666666666666,C1:1.5 C2:1.5 C3:3 C4:5 C5:4,C1:2 C2:3 C3:1 C4:5 C5:4,True,True,False
mass,8,full train,Fisher J,test AUC,0.8207826816681233,0.13333333333333333,C1:1.5 C2:1.5 C3:3 C4:5 C5:4,C1:3 C2:1 C3:2 C4:5 C5:4,True,True,False
mass,8,full train,Fisher J,CV AUC,0.6668859288553501,0.26666666666666666,C1:1.5 C2:1.5 C3:3 C4:5 C5:4,C1:2 C2:3 C3:1 C4:5 C5:4,True,True,False
mass,8,full train,linear KTA,test AUC,0.8207826816681233,0.13333333333333333,C1:1.5 C2:1.5 C3:3 C4:5 C5:4,C1:3 C2:1 C3:2 C4:5 C5:4,True,True,False
mass,8,full train,linear KTA,CV AUC,0.6668859288553501,0.26666666666666666,C1:1.5 C2:1.5 C3:3 C4:5 C5:4,C1:2 C2:3 C3:1 C4:5 C5:4,True,True,False
calcification,8,subsample,Davies-Bouldin,test AUC,0.8207826816681233,0.13333333333333333,C1:1.5 C2:1.5 C3:3 C4:5 C5:4,C1:3 C2:1 C3:2 C4:5 C5:4,True,True,False
calcification,8,subsample,Davies-Bouldin,CV AUC,0.8207826816681233,0.13333333333333333,C1:1.5 C2:1.5 C3:3 C4:5 C5:4,C1:3 C2:1 C3:2 C4:5 C5:4,True,True,False
calcification,8,subsample,Fisher J,test AUC,0.8207826816681233,0.13333333333333333,C1:2.5 C2:2.5 C3:1 C4:5 C5:4,C1:3 C2:1 C3:2 C4:5 C5:4,True,True,False
calcification,8,subsample,Fisher J,CV AUC,0.8207826816681233,0.13333333333333333,C1:2.5 C2:2.5 C3:1 C4:5 C5:4,C1:3 C2:1 C3:2 C4:5 C5:4,True,True,False
calcification,8,subsample,linear KTA,test AUC,0.8207826816681233,0.13333333333333333,C1:1.5 C2:1.5 C3:3 C4:5 C5:4,C1:3 C2:1 C3:2 C4:5 C5:4,True,True,False
calcification,8,subsample,linear KTA,CV AUC,0.8207826816681233,0.13333333333333333,C1:1.5 C2:1.5 C3:3 C4:5 C5:4,C1:3 C2:1 C3:2 C4:5 C5:4,True,True,False
calcification,8,full train,Davies-Bouldin,test AUC,0.8207826816681233,0.13333333333333333,C1:1.5 C2:1.5 C3:3 C4:5 C5:4,C1:3 C2:1 C3:2 C4:5 C5:4,True,True,False
calcification,8,full train,Davies-Bouldin,CV AUC,0.8207826816681233,0.13333333333333333,C1:1.5 C2:1.5 C3:3 C4:5 C5:4,C1:3 C2:1 C3:2 C4:5 C5:4,True,True,False
calcification,8,full train,Fisher J,test AUC,0.8207826816681233,0.13333333333333333,C1:1.5 C2:1.5 C3:3 C4:5 C5:4,C1:3 C2:1 C3:2 C4:5 C5:4,True,True,False
calcification,8,full train,Fisher J,CV AUC,0.8207826816681233,0.13333333333333333,C1:1.5 C2:1.5 C3:3 C4:5 C5:4,C1:3 C2:1 C3:2 C4:5 C5:4,True,True,False
calcification,8,full train,linear KTA,test AUC,0.8207826816681233,0.13333333333333333,C1:1.5 C2:1.5 C3:3 C4:5 C5:4,C1:3 C2:1 C3:2 C4:5 C5:4,True,True,False
calcification,8,full train,linear KTA,CV AUC,0.8207826816681233,0.13333333333333333,C1:1.5 C2:1.5 C3:3 C4:5 C5:4,C1:3 C2:1 C3:2 C4:5 C5:4,True,True,False
