separability_ranks,rho,orders,probability,p_two_sided
no ties,-1.0,1,0.008333333333333333,0.016666666666666666
no ties,-0.9,4,0.03333333333333333,0.08333333333333333
no ties,-0.8,3,0.025,0.13333333333333333
no ties,-0.7,6,0.05,0.23333333333333334
no ties,-0.6,7,0.058333333333333334,0.35
no ties,-0.5,6,0.05,0.45
no ties,-0.4,4,0.03333333333333333,0.5166666666666667
no ties,-0.3,10,0.08333333333333333,0.6833333333333333
no ties,-0.2,6,0.05,0.7833333333333333
no ties,-0.1,10,0.08333333333333333,0.95
no ties,0.0,6,0.05,1.0
no ties,0.1,10,0.08333333333333333,0.95
no ties,0.2,6,0.05,0.7833333333333333
no ties,0.3,10,0.08333333333333333,0.6833333333333333
no ties,0.4,4,0.03333333333333333,0.5166666666666667
no ties,0.5,6,0.05,0.45
no ties,0.6,7,0.058333333333333334,0.35
no ties,0.7,6,0.05,0.23333333333333334
no ties,0.8,3,0.025,0.13333333333333333
no ties,0.9,4,0.03333333333333333,0.08333333333333333
no ties,1.0,1,0.008333333333333333,0.016666666666666666
C1 = C2 tied,-0.974679434,2,0.016666666666666666,0.03333333333333333
C1 = C2 tied,-0.872081599,4,0.03333333333333333,0.1
C1 = C2 tied,-0.820782682,2,0.016666666666666666,0.13333333333333333
C1 = C2 tied,-0.718184846,2,0.016666666666666666,0.16666666666666666
C1 = C2 tied,-0.666885929,6,0.05,0.26666666666666666
C1 = C2 tied,-0.615587011,2,0.016666666666666666,0.3
C1 = C2 tied,-0.564288094,6,0.05,0.4
C1 = C2 tied,-0.461690258,2,0.016666666666666666,0.43333333333333335
C1 = C2 tied,-0.410391341,4,0.03333333333333333,0.5
C1 = C2 tied,-0.359092423,4,0.03333333333333333,0.5666666666666667
C1 = C2 tied,-0.307793506,2,0.016666666666666666,0.6
C1 = C2 tied,-0.20519567,8,0.06666666666666667,0.7333333333333333
C1 = C2 tied,-0.153896753,6,0.05,0.8333333333333334
C1 = C2 tied,-0.102597835,4,0.03333333333333333,0.9
C1 = C2 tied,-0.051298918,6,0.05,1.0
C1 = C2 tied,0.051298918,6,0.05,1.0
C1 = C2 tied,0.102597835,4,0.03333333333333333,0.9
C1 = C2 tied,0.153896753,6,0.05,0.8333333333333334
C1 = C2 tied,0.20519567,8,0.06666666666666667,0.7333333333333333
C1 = C2 tied,0.307793506,2,0.016666666666666666,0.6
C1 = C2 tied,0.359092423,4,0.03333333333333333,0.5666666666666667
C1 = C2 tied,0.410391341,4,0.03333333333333333,0.5
C1 = C2 tied,0.461690258,2,0.016666666666666666,0.43333333333333335
C1 = C2 tied,0.564288094,6,0.05,0.4
C1 = C2 tied,0.615587011,2,0.016666666666666666,0.3
C1 = C2 tied,0.666885929,6,0.05,0.26666666666666666
C1 = C2 tied,0.718184846,2,0.016666666666666666,0.16666666666666666
C1 = C2 tied,0.820782682,2,0.016666666666666666,0.13333333333333333
C1 = C2 tied,0.872081599,4,0.03333333333333333,0.1
C1 = C2 tied,0.974679434,2,0.016666666666666666,0.03333333333333333
