finding_type,condition,representation,test_auc,test_f1,test_accuracy,test_precision,test_recall,test_auc_ci_low,test_auc_ci_high,cv_auc_mean,cv_auc_std,cv_f1_mean,cv_f1_std,cv_accuracy_mean,cv_accuracy_std,cv_precision_mean,cv_precision_std,cv_recall_mean,cv_recall_std
mass,C1,classical,0.6505875077303648,0.519298245614035,0.6375661375661376,0.5362318840579711,0.5034013605442177,0.5781389929979319,0.7244781050075593,0.6521742884444497,0.06773380990388557,0.47187653846427635,0.22371101343189312,0.5858784808707369,0.0577574704180896,0.641852154416211,0.13217424212146606,0.4496624092911999,0.24147294075927117
mass,C2,classical,0.6407220897016814,0.5117845117845118,0.6164021164021164,0.5066666666666667,0.5170068027210885,0.5722238797170343,0.7101825864565103,0.641183857367764,0.05898064066744649,0.49550783228243594,0.18551707287225289,0.5908200741402938,0.04635747794230923,0.6117529031814746,0.05918823123437522,0.46704857982915327,0.2116258214239722
mass,C3,classical,0.6459051152928704,0.5016722408026756,0.6058201058201058,0.4934210526315789,0.5102040816326531,0.5722001910724934,0.7212882716486243,0.6478929265082443,0.054926863538391296,0.5794717703703534,0.05720141075995618,0.6148266515678997,0.05885773310526848,0.6194491708928311,0.07917257163262578,0.5487004078704889,0.06181528397615688
mass,C4,quantum,0.5303766528256325,0.3862068965517241,0.5291005291005291,0.3916083916083916,0.3809523809523809,0.4727833523836535,0.5872898000722859,0.5647222952370405,0.07859844330318476,0.3500033178400833,0.187693633418891,0.5653813852054125,0.0384482742019502,0.5932635658914729,0.10467259016458572,0.2736091567905484,0.17037911776469308
mass,C5,quantum,0.5810583973849279,0.4563758389261745,0.5714285714285714,0.4503311258278146,0.4625850340136054,0.521060631291769,0.6436885704969567,0.5634811748757352,0.024218969874582903,0.4869292913625225,0.03152287640082247,0.5388741318868202,0.026667426630275614,0.5265593440827085,0.029700987340679028,0.4530512384512753,0.03394142445988858
calcification,C1,classical,0.7685043088183214,0.6646153846153846,0.6656441717791411,0.5510204081632653,0.8372093023255814,0.6936392199190912,0.836381423186239,0.7420353827508531,0.03814139547097211,0.5719595144531775,0.03256421241653665,0.6616428615917638,0.027650384418648755,0.5173959552193272,0.04347526406679014,0.6431102730577757,0.04947049880372795
calcification,C2,classical,0.787746428993035,0.6688741721854304,0.6932515337423313,0.5838150289017341,0.7829457364341085,0.7187138786308496,0.8513004291400724,0.7579838419256832,0.04629966979094023,0.6092972392703665,0.057359911200924506,0.682663797897754,0.038700504599151614,0.5367683755593224,0.049794170430654566,0.7068290156920726,0.08170185009626192
calcification,C3,classical,0.7578798252862708,0.6523076923076923,0.6533742331288344,0.5408163265306123,0.8217054263565892,0.6847505557813075,0.825654133448251,0.7390965405282205,0.03573591542493099,0.5904162902089676,0.03117536207731258,0.6513154029941569,0.018524672864590332,0.5029882895302242,0.026229106556352664,0.7161019449027549,0.051600155887456374
calcification,C4,quantum,0.6334159682052493,0.5038759689922481,0.6073619631901841,0.5038759689922481,0.5038759689922481,0.557608819945767,0.7001258379322445,0.6398588909982215,0.04115820222969511,0.4851813823263667,0.04971226479076918,0.6269045024047318,0.036004999668662926,0.47430686098679953,0.05955919677887627,0.5008658049240395,0.06178957339596535
calcification,C5,quantum,0.6516743399047733,0.5652173913043478,0.5705521472392638,0.4715025906735751,0.7054263565891473,0.570963825886644,0.7251911793274368,0.6666476326913668,0.03474141093706355,0.553864503396815,0.01761820294007431,0.5990458138206153,0.02004539992921462,0.4552894296030134,0.017982625904861167,0.7072991350432478,0.02004565602241263
