k,finding_type,kernel,c,kta_centered,excess_centered,p_centered,median_off_diagonal
12,mass,K_C,,0.05946597323526512,0.04910641630748433,0.000999000999000999,0.6016043231586934
12,mass,C4,1.0,0.07345134104971457,0.0029992581918787814,0.001998001998001998,0.0021573906937247737
12,mass,C4,0.5,0.07551774313511128,0.005729876136375475,0.001998001998001998,0.0060121346326921475
12,mass,C4,0.2,0.08210771857928248,0.018019130905686298,0.000999000999000999,0.031915192032458906
12,mass,C4,0.1,0.06810113878221101,0.021739915219940724,0.003996003996003996,0.06889079180781957
12,mass,C4,0.05,0.06713231574805488,0.04060508078567091,0.001998001998001998,0.19897142944341523
12,mass,C4,0.02,0.05611383259362098,0.04289483310028253,0.000999000999000999,0.5549257196787138
12,mass,C5,1.0,0.07458201626790466,0.005051387239210531,0.002997002997002997,3.2067469445932095e-05
12,mass,C5,0.5,0.058198053165793115,-0.0021677931580419,0.6743256743256744,0.008403938606680032
12,mass,C5,0.2,0.08272973353141594,0.016974128675848757,0.000999000999000999,0.004893934219786161
12,mass,C5,0.1,0.07017802120457937,0.013187720400005765,0.007992007992007992,0.021987005787799146
12,mass,C5,0.05,0.06552567630058381,0.03576282333298535,0.001998001998001998,0.1512740438932194
12,mass,C5,0.02,0.056189726227219336,0.04280385603154904,0.000999000999000999,0.5402339974834213
8,mass,K_C,,0.05749113050763599,0.048696039843986225,0.000999000999000999,0.6041969091511092
8,mass,C4,1.0,0.07722244128543765,0.012196914096647402,0.001998001998001998,0.010109024873798205
8,mass,C4,0.5,0.08738839977609351,0.028882742515915806,0.000999000999000999,0.0201026880446675
8,mass,C4,0.2,0.08317388265259357,0.0416693843016924,0.000999000999000999,0.09012703155173757
8,mass,C4,0.1,0.04481929811590057,0.019661611917894166,0.014985014985014986,0.18309341020444456
8,mass,C4,0.05,0.06672403889943698,0.052180030463656824,0.000999000999000999,0.3559575610212712
8,mass,C4,0.02,0.05740366945406362,0.048871357422205934,0.000999000999000999,0.7503602454333049
8,mass,C5,1.0,0.07612688137093439,0.02315191244806423,0.001998001998001998,0.0014841418850304626
8,mass,C5,0.5,0.051412194747118646,0.010488733686632806,0.06393606393606394,0.04766046049800153
8,mass,C5,0.2,0.08805960372725916,0.04310493821218942,0.000999000999000999,0.03477697987858026
8,mass,C5,0.1,0.04971079042430439,0.018954699457485884,0.015984015984015984,0.0974597971971368
8,mass,C5,0.05,0.06626810649037655,0.050720174567195686,0.000999000999000999,0.3046621760409057
8,mass,C5,0.02,0.05754101932887321,0.048982158532033304,0.000999000999000999,0.7432247385970786
12,calcification,K_C,,0.16138020267800263,0.15145057910610307,0.000999000999000999,0.6238864858760081
12,calcification,C4,1.0,0.07683474143594014,0.006199379248865641,0.000999000999000999,0.002860736218810725
12,calcification,C4,0.5,0.08066617823310497,0.010685465815727394,0.000999000999000999,0.006999037050102771
12,calcification,C4,0.2,0.10361571139450215,0.04166652724908121,0.000999000999000999,0.026826584469942894
12,calcification,C4,0.1,0.11849947485736126,0.07687516441367448,0.000999000999000999,0.05913315728764077
12,calcification,C4,0.05,0.11989598396027083,0.09722274366401024,0.000999000999000999,0.17867575469345331
12,calcification,C4,0.02,0.1542641166665189,0.14261769732376223,0.000999000999000999,0.591270790763879
12,calcification,C5,1.0,0.0754619796299138,0.006578744696313976,0.002997002997002997,3.11336793802931e-05
12,calcification,C5,0.5,0.05654447603103877,-0.002397061930337542,0.7172827172827173,0.011235614660219311
12,calcification,C5,0.2,0.08251619423412024,0.013225384074700919,0.000999000999000999,0.004020933379259231
12,calcification,C5,0.1,0.10770813270269271,0.05216077886087544,0.000999000999000999,0.019508315222232866
12,calcification,C5,0.05,0.1183341632607008,0.09324956029290254,0.000999000999000999,0.13638625220503986
12,calcification,C5,0.02,0.1540613636204335,0.14231745963093287,0.000999000999000999,0.5795899448145768
8,calcification,K_C,,0.15975736976239402,0.14982272425581386,0.000999000999000999,0.6248461435365976
8,calcification,C4,1.0,0.08030094418816773,0.010766531609794586,0.000999000999000999,0.00774757108024017
8,calcification,C4,0.5,0.08382075841779475,0.016573839838134985,0.000999000999000999,0.015674919677818932
8,calcification,C4,0.2,0.10289546055980339,0.05287603723171318,0.000999000999000999,0.048210354027090965
8,calcification,C4,0.1,0.11868661575564801,0.08997387177214143,0.000999000999000999,0.10819056385916408
8,calcification,C4,0.05,0.12581566525628277,0.11001758755455526,0.000999000999000999,0.3178238184863449
8,calcification,C4,0.02,0.16802635652444695,0.15875980266861917,0.000999000999000999,0.7851064508386724
8,calcification,C5,1.0,0.08648332042105768,0.024450214375935073,0.000999000999000999,0.0007629213910283427
8,calcification,C5,0.5,0.04475651037038758,-0.00287123601639256,0.6893106893106893,0.05073710526586894
8,calcification,C5,0.2,0.09431747620267078,0.03692911264981963,0.000999000999000999,0.024171397824307835
8,calcification,C5,0.1,0.11538144344621022,0.08044520188485911,0.000999000999000999,0.056807264970962744
8,calcification,C5,0.05,0.12446068551755729,0.10810785266714004,0.000999000999000999,0.2767612352621568
8,calcification,C5,0.02,0.1682351517979636,0.15896294518448936,0.000999000999000999,0.7813565313882482
