k,finding_type,kernel,c,effective_dimension
12,mass,K_C,,2.8195567937489905
12,mass,C4,1.0,184.03693302235473
12,mass,C4,0.5,174.17391028443757
12,mass,C4,0.2,134.76306664858961
12,mass,C4,0.1,80.60889289784289
12,mass,C4,0.05,29.37905033033951
12,mass,C4,0.02,4.434366194586232
12,mass,C5,1.0,171.3175618609851
12,mass,C5,0.5,127.46983184851874
12,mass,C5,0.2,146.80989199193309
12,mass,C5,0.1,109.86760086134869
12,mass,C5,0.05,36.06942253802336
12,mass,C5,0.02,4.617250462450825
8,mass,K_C,,2.1829488526388348
8,mass,C4,1.0,139.60623449858696
8,mass,C4,0.5,116.67934271755628
8,mass,C4,0.2,59.33088459978203
8,mass,C4,0.1,22.00526366402239
8,mass,C4,0.05,5.961856214201696
8,mass,C4,0.02,1.6873080043235542
8,mass,C5,1.0,103.30608661827564
8,mass,C5,0.5,63.92834430370603
8,mass,C5,0.2,69.27111850032031
8,mass,C5,0.1,30.010637686694103
8,mass,C5,0.05,6.71505750092068
8,mass,C5,0.02,1.7069719832618098
12,calcification,K_C,,2.5661083754691565
12,calcification,C4,1.0,187.73687623643343
12,calcification,C4,0.5,176.38316480471136
12,calcification,C4,0.2,133.5995481558133
12,calcification,C4,0.1,75.59943926121923
12,calcification,C4,0.05,25.109184307520277
12,calcification,C4,0.02,3.62840428890404
12,calcification,C5,1.0,167.5930725777564
12,calcification,C5,0.5,121.40999623507975
12,calcification,C5,0.2,164.5033535917141
12,calcification,C5,0.1,107.9223819399089
12,calcification,C5,0.05,30.510427892111327
12,calcification,C5,0.02,3.7372415449870573
8,calcification,K_C,,2.4679996777650137
8,calcification,C4,1.0,169.67444460488355
8,calcification,C4,0.5,149.8482107509455
8,calcification,C4,0.2,90.45276671844887
8,calcification,C4,0.1,35.35564003053293
8,calcification,C4,0.05,8.269403419279456
8,calcification,C4,0.02,1.753032315075309
8,calcification,C5,1.0,130.99560693416242
8,calcification,C5,0.5,77.4829193910186
8,calcification,C5,0.2,100.92803524477966
8,calcification,C5,0.1,46.76253821889105
8,calcification,C5,0.05,9.115673269105548
8,calcification,C5,0.02,1.7650176618373774
