k,finding_type,map,c,g_min,kernel_at_min,lambda_at_min,g_min_extended,admissible_kernels
12,mass,C4,1.0,1.4327976874835349,gaussian 64,0.01,1.3133683053671632,7
12,mass,C4,0.5,1.6404947865435922,gaussian 64,0.01,1.6404947865435922,7
12,mass,C4,0.2,2.2185251849316936,gaussian 16,0.001,2.2185251849316936,7
12,mass,C4,0.1,2.3616130889782108,gaussian 8,0.001,2.3616130889782108,7
12,mass,C4,0.05,2.528600330952801,gaussian 4,0.001,2.528600330952801,7
12,mass,C4,0.02,2.295510764927614,gaussian 1,0.001,2.295510764927614,8
12,mass,C5,1.0,1.5113177893896141,gaussian 64,0.01,1.4813552555286575,7
12,mass,C5,0.5,2.9646584248300556,gaussian 16,0.001,2.9646584248300556,7
12,mass,C5,0.2,2.0427573722678445,gaussian 32,0.01,2.0427573722678445,7
12,mass,C5,0.1,2.292082811551836,gaussian 16,0.001,2.292082811551836,7
12,mass,C5,0.05,2.323962532268933,gaussian 4,0.001,2.323962532268933,7
12,mass,C5,0.02,2.511596342443282,gaussian 1,0.001,2.511596342443282,8
12,mass,identity,,3.0480427819663456,gaussian 64,0.001,1.2483704025059026,6
8,mass,C4,1.0,2.396457247104745,gaussian 64,0.001,2.0858137994587884,5
8,mass,C4,0.5,2.4365047479599586,gaussian 32,0.001,2.4365047479599586,5
8,mass,C4,0.2,2.702459417901154,gaussian 16,0.001,2.702459417901154,6
8,mass,C4,0.1,2.687699786664696,gaussian 8,0.001,2.687699786664696,6
8,mass,C4,0.05,2.72904898138006,gaussian 4,0.001,2.72904898138006,7
8,mass,C4,0.02,1.723689309738344,gaussian 0.5,0.001,1.723689309738344,9
8,mass,C5,1.0,3.2345146046150517,gaussian 64,0.001,2.8384037096408115,5
8,mass,C5,0.5,4.575824190373104,gaussian 32,0.001,4.575824190373104,5
8,mass,C5,0.2,2.8053258701966413,gaussian 32,0.001,2.8053258701966413,5
8,mass,C5,0.1,3.0007535795091482,gaussian 16,0.001,3.0007535795091482,6
8,mass,C5,0.05,2.547540268548638,gaussian 4,0.001,2.547540268548638,7
8,mass,C5,0.02,1.7080285160066997,gaussian 0.5,0.001,1.7080285160066997,9
8,mass,identity,,6.422932345797276,gaussian 64,0.001,1.8430993770130772,4
12,calcification,C4,1.0,1.399920659080461,gaussian 64,0.01,1.3768831620300264,6
12,calcification,C4,0.5,1.6895061235074034,gaussian 64,0.01,1.6895061235074034,7
12,calcification,C4,0.2,2.1133262670140303,gaussian 16,0.001,2.1133262670140303,7
12,calcification,C4,0.1,2.252668620356692,gaussian 8,0.001,2.252668620356692,7
12,calcification,C4,0.05,2.3976049748143495,gaussian 4,0.001,2.3976049748143495,8
12,calcification,C4,0.02,2.097430009984315,gaussian 1,0.001,2.097430009984315,9
12,calcification,C5,1.0,1.7006385330282023,gaussian 64,0.01,1.7006385330282023,6
12,calcification,C5,0.5,3.1178383996952688,gaussian 16,0.001,3.1178383996952688,6
12,calcification,C5,0.2,1.509344927779352,gaussian 32,0.01,1.509344927779352,7
12,calcification,C5,0.1,2.071058021916249,gaussian 16,0.01,2.071058021916249,7
12,calcification,C5,0.05,2.143414953504243,gaussian 4,0.001,2.143414953504243,7
12,calcification,C5,0.02,2.0662651811927284,gaussian 1,0.001,2.0662651811927284,9
12,calcification,identity,,1.6017636958844839,gaussian 64,0.01,0.9857788765917072,6
8,calcification,C4,1.0,1.709720882020825,gaussian 32,0.01,1.709720882020825,6
8,calcification,C4,0.5,2.0596664295059908,gaussian 32,0.01,2.0596664295059908,6
8,calcification,C4,0.2,2.439183780282038,gaussian 8,0.001,2.439183780282038,6
8,calcification,C4,0.1,2.3718839896476442,gaussian 4,0.001,2.3718839896476442,7
8,calcification,C4,0.05,2.149224334084192,gaussian 2,0.001,2.149224334084192,8
8,calcification,C4,0.02,1.9193627058154101,gaussian 0.25,0.001,1.9193627058154101,9
8,calcification,C5,1.0,2.15563100738395,gaussian 32,0.01,2.15563100738395,6
8,calcification,C5,0.5,3.9137098437298756,gaussian 16,0.001,3.9137098437298756,6
8,calcification,C5,0.2,2.2175881982950667,gaussian 16,0.01,2.2175881982950667,6
8,calcification,C5,0.1,2.255825218064041,gaussian 8,0.001,2.255825218064041,7
8,calcification,C5,0.05,2.2749016046701547,gaussian 2,0.001,2.2749016046701547,8
8,calcification,C5,0.02,1.911595039411749,gaussian 0.5,0.001,1.911595039411749,9
8,calcification,identity,,1.4783577402560462,gaussian 64,0.01,0.9798893033385908,6
