finding_type,family,model,c,cv_auc,cv_auc_sd,support_fraction
mass,classical,linear,,0.667591879461385,0.06172885265136806,0.8108417705502641
mass,classical,gaussian 0.25,,0.6719303610388068,0.06625458994000685,0.8085765398846159
mass,classical,gaussian 0.5,,0.6793775170482458,0.06564970965229561,0.7998379801709188
mass,classical,gaussian 1,,0.6823218122287416,0.06458254298736286,0.7941431149769106
mass,classical,gaussian 2,,0.6792061386468256,0.05402449005353742,0.7984916143296437
mass,classical,gaussian 4,,0.6654293403003017,0.037240271453951236,0.8211180295252298
mass,classical,gaussian 8,,0.6545455014903994,0.02871392800175116,0.8747914788347046
mass,classical,gaussian 16,,0.6428437592816568,0.03087621010768946,0.945164605796115
mass,classical,gaussian 32,,0.6265990369578832,0.031872581833289476,0.9829135302587065
mass,classical,gaussian 64,,0.6028116123389908,0.03195957550537678,0.9969640793192307
mass,quantum,QSVM C4,1.0,0.6573940106692351,0.058261383314863066,0.9996188203588791
mass,quantum,QSVM C4,0.5,0.6594468892791807,0.06384571895620045,0.9975250520876207
mass,quantum,QSVM C4,0.2,0.6707270841732648,0.03664904234085829,0.9645351471863842
mass,quantum,QSVM C4,0.1,0.6717965283520623,0.03925774205054401,0.8833255072727212
mass,quantum,QSVM C4,0.05,0.6774095928989631,0.04895608402490993,0.813495577896753
mass,quantum,QSVM C4,0.02,0.6689034961633246,0.06655826480369412,0.8083553303950485
mass,quantum,QSVM C5,1.0,0.621826191338431,0.050489330689017294,0.9882416697166325
mass,quantum,QSVM C5,0.5,0.5829954441515997,0.023533183733923733,0.9831290898500962
mass,quantum,QSVM C5,0.2,0.6543512544360759,0.05586222348741896,0.9573156663001955
mass,quantum,QSVM C5,0.1,0.6628016007514458,0.045367969881672146,0.9373780199356025
mass,quantum,QSVM C5,0.05,0.6726349308845927,0.04405787093772094,0.8225974729419171
mass,quantum,QSVM C5,0.02,0.6690515980913776,0.06628652040920177,0.8075991711280153
calcification,classical,linear,,0.7446833269079789,0.03246787821133824,0.6942883630295575
calcification,classical,gaussian 0.25,,0.7463566516280218,0.023002629904885375,0.6858354893334407
calcification,classical,gaussian 0.5,,0.7464293834289468,0.02507179657686384,0.681186756193073
calcification,classical,gaussian 1,,0.7535697607867242,0.026330909851456214,0.6712851852478834
calcification,classical,gaussian 2,,0.7594969847801691,0.025163260416986535,0.6705192827813792
calcification,classical,gaussian 4,,0.7563960028763291,0.02743562144719124,0.6903410357415303
calcification,classical,gaussian 8,,0.7381787815998686,0.03255180472363707,0.7508739913646895
calcification,classical,gaussian 16,,0.7224422127892369,0.037403082462469574,0.851616099919157
calcification,classical,gaussian 32,,0.7047718981967378,0.03767845430285281,0.9515656242003626
calcification,classical,gaussian 64,,0.6826024848202747,0.03695133327865546,0.9920900521608749
calcification,quantum,QSVM C4,1.0,0.7515593220317885,0.028706096997215567,0.9977426693350873
calcification,quantum,QSVM C4,0.5,0.7532849757905442,0.02528541670741047,0.9872408864420255
calcification,quantum,QSVM C4,0.2,0.7562461167262786,0.02765573380103068,0.8760551397257196
calcification,quantum,QSVM C4,0.1,0.7445538089161831,0.030739828764590815,0.759922146435659
calcification,quantum,QSVM C4,0.05,0.7534849920176676,0.027018061520410894,0.6860151306513032
calcification,quantum,QSVM C4,0.02,0.746274293315002,0.02579510844052466,0.6804889664600416
calcification,quantum,QSVM C5,1.0,0.7056164215148539,0.019179337565288297,0.9699449362939785
calcification,quantum,QSVM C5,0.5,0.6092124293632294,0.03581751600746363,0.977513525311144
calcification,quantum,QSVM C5,0.2,0.7410854455486763,0.02857227958221245,0.9356864970070367
calcification,quantum,QSVM C5,0.1,0.7384532682273112,0.03192359169152312,0.8100767709925547
calcification,quantum,QSVM C5,0.05,0.7511828309899493,0.026815254348614783,0.692806242205562
calcification,quantum,QSVM C5,0.02,0.7462044738811372,0.025926445447220503,0.6811384526630706
