fold,support_fraction,auc,f1,accuracy,precision,recall,finding_type,model
0,0.8325493885230479,0.7574489042107855,0.6291079812206573,0.6901960784313725,0.7528089887640449,0.5403225806451613,mass,SVM RBF (D-027)
1,0.8226415094339623,0.7270371263259402,0.6530612244897959,0.6705426356589147,0.6504065040650406,0.6557377049180327,mass,SVM RBF (D-027)
2,0.800952380952381,0.6401069816682454,0.5655737704918032,0.6044776119402985,0.6106194690265486,0.5267175572519084,mass,SVM RBF (D-027)
3,0.7794533459000943,0.5953967292549971,0.49777777777777776,0.5603112840466926,0.5714285714285714,0.4409448818897638,mass,SVM RBF (D-027)
4,0.7967244701348748,0.6501969208736126,0.5405405405405406,0.575,0.5555555555555556,0.5263157894736842,mass,SVM RBF (D-027)
0,1.0,0.7301772962324551,0.5520833333333334,0.6627450980392157,0.7794117647058824,0.4274193548387097,mass,"QSVM C4, c = 1"
1,1.0,0.702145612343298,0.6188340807174888,0.6705426356589147,0.6831683168316832,0.5655737704918032,mass,"QSVM C4, c = 1"
2,1.0,0.6209951523931576,0.5045871559633027,0.5970149253731343,0.632183908045977,0.4198473282442748,mass,"QSVM C4, c = 1"
3,0.9990574929311969,0.5880072683222289,0.47393364928909953,0.5680933852140078,0.5952380952380952,0.3937007874015748,mass,"QSVM C4, c = 1"
4,0.9990366088631984,0.6456447240550355,0.5655737704918032,0.6214285714285714,0.6216216216216216,0.518796992481203,mass,"QSVM C4, c = 1"
0,0.9887111947318908,0.6509480423541001,0.5074626865671642,0.611764705882353,0.6623376623376623,0.4112903225806452,mass,"QSVM C5, c = 1"
1,0.9886792452830189,0.6672492767598843,0.64,0.686046511627907,0.6990291262135923,0.5901639344262295,mass,"QSVM C5, c = 1"
2,0.9847619047619047,0.6117456956594417,0.4423076923076923,0.5671641791044776,0.5974025974025974,0.3511450381679389,mass,"QSVM C5, c = 1"
3,0.9886899151743638,0.5390672319806179,0.47619047619047616,0.5719844357976653,0.6024096385542169,0.3937007874015748,mass,"QSVM C5, c = 1"
4,0.9903660886319846,0.6401207099381105,0.5551020408163265,0.6107142857142858,0.6071428571428571,0.5112781954887218,mass,"QSVM C5, c = 1"
0,0.6742485783915516,0.7287074829931973,0.5210727969348659,0.6031746031746031,0.4358974358974359,0.6476190476190476,calcification,SVM RBF (D-027)
1,0.676078431372549,0.7242261904761905,0.5739910313901345,0.6494464944649446,0.5039370078740157,0.6666666666666666,calcification,SVM RBF (D-027)
2,0.6887254901960784,0.7620471917580592,0.6037735849056604,0.6739130434782609,0.54421768707483,0.6779661016949152,calcification,SVM RBF (D-027)
3,0.6907467532467533,0.7767415134370581,0.6428571428571429,0.7133757961783439,0.5785714285714286,0.7232142857142857,calcification,SVM RBF (D-027)
4,0.6808510638297872,0.7386654363964266,0.5958904109589042,0.6358024691358025,0.4860335195530726,0.7699115044247787,calcification,SVM RBF (D-027)
0,0.9975629569455727,0.7357369614512472,0.4550898203592814,0.7111111111111111,0.6129032258064516,0.3619047619047619,calcification,"QSVM C4, c = 1"
1,0.9968627450980392,0.7180357142857142,0.42105263157894735,0.6752767527675276,0.5714285714285714,0.3333333333333333,calcification,"QSVM C4, c = 1"
2,0.9983660130718954,0.7770438683948155,0.4861878453038674,0.7111801242236024,0.6984126984126984,0.3728813559322034,calcification,"QSVM C4, c = 1"
3,0.9983766233766234,0.7857142857142856,0.45569620253164556,0.7261146496815286,0.782608695652174,0.32142857142857145,calcification,"QSVM C4, c = 1"
4,0.997545008183306,0.7412657803128802,0.5130890052356021,0.7129629629629629,0.6282051282051282,0.4336283185840708,calcification,"QSVM C4, c = 1"
0,0.9699431356620634,0.719954648526077,0.467005076142132,0.6666666666666666,0.5,0.4380952380952381,calcification,"QSVM C5, c = 1"
1,0.9662745098039216,0.6871428571428572,0.4588235294117647,0.6605166051660517,0.527027027027027,0.40625,calcification,"QSVM C5, c = 1"
2,0.9689542483660131,0.7234546360917249,0.47058823529411764,0.6645962732919255,0.5581395348837209,0.4067796610169492,calcification,"QSVM C5, c = 1"
3,0.9756493506493507,0.7147719236209334,0.5027932960893855,0.7165605095541401,0.6716417910447762,0.4017857142857143,calcification,"QSVM C5, c = 1"
4,0.9689034369885434,0.6827580421926771,0.5178571428571429,0.6666666666666666,0.5225225225225225,0.5132743362831859,calcification,"QSVM C5, c = 1"
0,0.8165569143932268,0.7740704260034474,0.6727272727272727,0.7176470588235294,0.7708333333333334,0.5967741935483871,mass,SVM classical best (gaussian 1)
1,0.8047169811320755,0.7216730954676952,0.6413502109704642,0.6705426356589147,0.6608695652173913,0.6229508196721312,mass,SVM classical best (gaussian 1)
2,0.7847619047619048,0.65091658773054,0.5928853754940712,0.6156716417910447,0.6147540983606558,0.5725190839694656,mass,SVM classical best (gaussian 1)
3,0.7766258246936852,0.612961841308298,0.5454545454545454,0.5914396887159533,0.6057692307692307,0.49606299212598426,mass,SVM classical best (gaussian 1)
4,0.7880539499036608,0.6519871106337272,0.5833333333333334,0.6071428571428571,0.5877862595419847,0.5789473684210527,mass,SVM classical best (gaussian 1)
0,0.8334901222953904,0.7458754001477469,0.6422018348623854,0.6941176470588235,0.7446808510638298,0.5645161290322581,mass,"QSVM C4, best c = 0.05"
1,0.8216981132075472,0.7058823529411764,0.6639004149377593,0.686046511627907,0.6722689075630253,0.6557377049180327,mass,"QSVM C4, best c = 0.05"
2,0.8104761904761905,0.6651808101632585,0.5943775100401606,0.6231343283582089,0.6271186440677966,0.5648854961832062,mass,"QSVM C4, best c = 0.05"
3,0.7964184731385485,0.6218049666868565,0.5579399141630901,0.5992217898832685,0.6132075471698113,0.5118110236220472,mass,"QSVM C4, best c = 0.05"
4,0.8053949903660886,0.6483044345557771,0.5842696629213483,0.6035714285714285,0.582089552238806,0.5864661654135338,mass,"QSVM C4, best c = 0.05"
0,0.8363123236124177,0.7335631617828121,0.6232558139534884,0.6823529411764706,0.7362637362637363,0.5403225806451613,mass,"QSVM C5, best c = 0.05"
1,0.8320754716981132,0.6997348119575699,0.6694214876033058,0.689922480620155,0.675,0.6639344262295082,mass,"QSVM C5, best c = 0.05"
2,0.8219047619047619,0.6608346798907896,0.6024096385542169,0.6305970149253731,0.635593220338983,0.5725190839694656,mass,"QSVM C5, best c = 0.05"
3,0.8105560791705938,0.6228346456692914,0.5555555555555556,0.5953307392996109,0.6074766355140186,0.5118110236220472,mass,"QSVM C5, best c = 0.05"
4,0.8121387283236994,0.6462073551225002,0.587360594795539,0.6035714285714285,0.5808823529411765,0.5939849624060151,mass,"QSVM C5, best c = 0.05"
0,0.6645004061738424,0.7670294784580498,0.5917602996254682,0.653968253968254,0.4876543209876543,0.7523809523809524,calcification,SVM classical best (gaussian 2)
1,0.659607843137255,0.7269047619047618,0.6244725738396625,0.6715867158671587,0.524822695035461,0.7708333333333334,calcification,SVM classical best (gaussian 2)
2,0.684640522875817,0.7772100365569956,0.651685393258427,0.7111801242236024,0.5838926174496645,0.7372881355932204,calcification,SVM classical best (gaussian 2)
3,0.6818181818181818,0.7863330975954739,0.6311475409836066,0.7133757961783439,0.5833333333333334,0.6875,calcification,SVM classical best (gaussian 2)
4,0.6620294599018003,0.7400075493855639,0.6095890410958904,0.6481481481481481,0.4972067039106145,0.7876106194690266,calcification,SVM classical best (gaussian 2)
0,0.8862713241267263,0.748390022675737,0.5752212389380531,0.6952380952380952,0.5371900826446281,0.6190476190476191,calcification,"QSVM C4, best c = 0.2"
1,0.864313725490196,0.713452380952381,0.6074766355140186,0.6900369003690037,0.5508474576271186,0.6770833333333334,calcification,"QSVM C4, best c = 0.2"
2,0.8880718954248366,0.7775423728813559,0.6234817813765182,0.7111801242236024,0.5968992248062015,0.652542372881356,calcification,"QSVM C4, best c = 0.2"
3,0.8741883116883117,0.7827970297029703,0.6261682242990654,0.7452229299363057,0.6568627450980392,0.5982142857142857,calcification,"QSVM C4, best c = 0.2"
4,0.867430441898527,0.759048777418949,0.6377952755905512,0.7160493827160493,0.574468085106383,0.7168141592920354,calcification,"QSVM C4, best c = 0.2"
0,0.6872461413484972,0.7607709750566893,0.587360594795539,0.6476190476190476,0.4817073170731707,0.7523809523809524,calcification,"QSVM C5, best c = 0.05"
1,0.6854901960784314,0.7147619047619047,0.5887445887445888,0.6494464944649446,0.5037037037037037,0.7083333333333334,calcification,"QSVM C5, best c = 0.05"
2,0.7001633986928104,0.7677384513127284,0.6539923954372624,0.717391304347826,0.593103448275862,0.7288135593220338,calcification,"QSVM C5, best c = 0.05"
3,0.7037337662337663,0.7801007779349365,0.6329113924050633,0.7229299363057324,0.6,0.6696428571428571,calcification,"QSVM C5, best c = 0.05"
4,0.6873977086743044,0.7325420458834878,0.6197183098591549,0.6666666666666666,0.5146198830409356,0.7787610619469026,calcification,"QSVM C5, best c = 0.05"
0,0.8551269990592663,0.7700073873430189,0.6776859504132231,0.6941176470588235,0.6949152542372882,0.6612903225806451,mass,"SVM RBF, 67 features"
1,0.839622641509434,0.7238428158148504,0.6796875,0.6821705426356589,0.6492537313432836,0.7131147540983607,mass,"SVM RBF, 67 features"
2,0.8114285714285714,0.6199364796344794,0.5914396887159533,0.6082089552238806,0.6031746031746031,0.5801526717557252,mass,"SVM RBF, 67 features"
3,0.8180961357210179,0.6445184736523318,0.575,0.603112840466926,0.6106194690265486,0.5433070866141733,mass,"SVM RBF, 67 features"
4,0.8285163776493256,0.6658482942049,0.6202090592334495,0.6107142857142858,0.577922077922078,0.6691729323308271,mass,"SVM RBF, 67 features"
0,0.8579492003762935,0.6862841664614626,0.6233766233766234,0.6588235294117647,0.6728971962616822,0.5806451612903226,mass,"QSVM amplitude, 67 features (7 qubits)"
1,0.8603773584905661,0.686294599807136,0.6160337552742616,0.6472868217054264,0.6347826086956522,0.5983606557377049,mass,"QSVM amplitude, 67 features (7 qubits)"
2,0.8295238095238096,0.5691759068367972,0.5126050420168067,0.5671641791044776,0.5700934579439252,0.46564885496183206,mass,"QSVM amplitude, 67 features (7 qubits)"
3,0.8407163053722903,0.6282253179890975,0.5089285714285714,0.5719844357976653,0.5876288659793815,0.44881889763779526,mass,"QSVM amplitude, 67 features (7 qubits)"
4,0.8420038535645472,0.6277939747327501,0.5801526717557252,0.6071428571428571,0.5891472868217055,0.5714285714285714,mass,"QSVM amplitude, 67 features (7 qubits)"
0,0.8485418626528692,0.7589879340064024,0.7302904564315352,0.7450980392156863,0.7521367521367521,0.7096774193548387,mass,"QSVM product, 67 features (67 qubits), c = 0.2"
1,0.8349056603773585,0.7073891031822566,0.6844106463878327,0.6782945736434108,0.6382978723404256,0.7377049180327869,mass,"QSVM product, 67 features (67 qubits), c = 0.2"
2,0.8219047619047619,0.642837242993258,0.6245059288537549,0.6455223880597015,0.6475409836065574,0.6030534351145038,mass,"QSVM product, 67 features (67 qubits), c = 0.2"
3,0.8124410933081998,0.6659600242277408,0.5853658536585366,0.603112840466926,0.6050420168067226,0.5669291338582677,mass,"QSVM product, 67 features (67 qubits), c = 0.2"
4,0.8208092485549133,0.6719349393892896,0.624113475177305,0.6214285714285714,0.5906040268456376,0.6616541353383458,mass,"QSVM product, 67 features (67 qubits), c = 0.2"
0,0.669374492282697,0.7960544217687076,0.6307692307692307,0.6952380952380952,0.5290322580645161,0.780952380952381,calcification,"SVM RBF, 67 features"
1,0.6580392156862745,0.7651785714285715,0.6488888888888888,0.7084870848708487,0.5658914728682171,0.7604166666666666,calcification,"SVM RBF, 67 features"
2,0.6633986928104575,0.7870970422067132,0.6618181818181819,0.7111801242236024,0.5796178343949044,0.7711864406779662,calcification,"SVM RBF, 67 features"
3,0.6753246753246753,0.82001414427157,0.6744186046511628,0.732484076433121,0.5958904109589042,0.7767857142857143,calcification,"SVM RBF, 67 features"
4,0.6644844517184942,0.7785932978232606,0.6544117647058824,0.7098765432098766,0.559748427672956,0.7876106194690266,calcification,"SVM RBF, 67 features"
0,0.7124289195775793,0.7538775510204082,0.6060606060606061,0.7111111111111111,0.5555555555555556,0.6666666666666666,calcification,"QSVM amplitude, 67 features (7 qubits)"
1,0.7082352941176471,0.755297619047619,0.6375545851528385,0.6937269372693727,0.5488721804511278,0.7604166666666666,calcification,"QSVM amplitude, 67 features (7 qubits)"
2,0.7263071895424836,0.7986872715187769,0.6834532374100719,0.7267080745341615,0.59375,0.8050847457627118,calcification,"QSVM amplitude, 67 features (7 qubits)"
3,0.7207792207792207,0.7852280763790666,0.671875,0.732484076433121,0.5972222222222222,0.7678571428571429,calcification,"QSVM amplitude, 67 features (7 qubits)"
4,0.7013093289689034,0.7261250681541752,0.6021505376344086,0.6574074074074074,0.5060240963855421,0.7433628318584071,calcification,"QSVM amplitude, 67 features (7 qubits)"
0,0.6669374492282697,0.8050340136054421,0.6511627906976745,0.7142857142857143,0.5490196078431373,0.8,calcification,"QSVM product, 67 features (67 qubits), c = 0.2"
1,0.6611764705882353,0.7783333333333333,0.6339285714285714,0.6974169741697417,0.5546875,0.7395833333333334,calcification,"QSVM product, 67 features (67 qubits), c = 0.2"
2,0.6683006535947712,0.8226985709538052,0.6691729323308271,0.7267080745341615,0.6013513513513513,0.7542372881355932,calcification,"QSVM product, 67 features (67 qubits), c = 0.2"
3,0.6599025974025974,0.78876414427157,0.6379310344827587,0.732484076433121,0.6166666666666667,0.6607142857142857,calcification,"QSVM product, 67 features (67 qubits), c = 0.2"
4,0.648936170212766,0.7545191460806107,0.6327272727272727,0.6882716049382716,0.5370370370370371,0.7699115044247787,calcification,"QSVM product, 67 features (67 qubits), c = 0.2"
