finding_type,comparison,evaluation,mean_difference,ci_low,ci_high,share_above_0
mass,ZZ full − Classical (all),nested CV,-0.020233226705406646,-0.03497100675245274,-0.005311589611038948,0.003
mass,"ZZ full, reps 2 − Classical (all)",nested CV,-0.05112246703475495,-0.07448802011888656,-0.026818432611425982,0.0
mass,ZZ linear − Classical (all),nested CV,-0.012929520203111005,-0.026150064822317326,-0.00013442616141812614,0.0245
mass,"ZZ linear, reps 2 − Classical (all)",nested CV,-0.006257835719807838,-0.02163449252382587,0.008753585668606033,0.199
mass,Projected (ZZ full) − Classical (all),nested CV,-0.11251486093695603,-0.15346886211041688,-0.07068488346664374,0.0
mass,Projected (ZZ linear) − Classical (all),nested CV,-0.11083071518787109,-0.14970967532130725,-0.07291800342944503,0.0
mass,Quantum (all) − Classical (all),nested CV,-0.0265961067590684,-0.04342988612257067,-0.009080731639209822,0.001
calcification,ZZ full − Classical (all),nested CV,0.01114758243720061,-0.004972736481516063,0.029022191931847505,0.9055
calcification,"ZZ full, reps 2 − Classical (all)",nested CV,-0.004416593606440248,-0.026636844336679354,0.019216024682425385,0.3355
calcification,ZZ linear − Classical (all),nested CV,0.0004053604077540263,-0.01564114302809403,0.015954583842055326,0.5275
calcification,"ZZ linear, reps 2 − Classical (all)",nested CV,-0.002339588834627074,-0.01741839258922131,0.014502074390909104,0.382
calcification,Projected (ZZ full) − Classical (all),nested CV,-0.05845084785917,-0.09601129969601158,-0.020066469769850524,0.002
calcification,Projected (ZZ linear) − Classical (all),nested CV,-0.021274235805338833,-0.05092445924411085,0.008750021851880249,0.0825
calcification,Quantum (all) − Classical (all),nested CV,0.007458487004996527,-0.0072221351315489846,0.02307578515322353,0.8245
mass,Quantum (all) − Classical (all),test,0.0037420366730295395,-0.02305601713264443,0.03253194824695387,0.599
calcification,Quantum (all) − Classical (all),test,-0.004978463941536804,-0.031678494551700236,0.022088724565597725,0.3655
